Item,Value,Parameters,Max,Avg,Min,Test 1 - raw,Test 1 - ppfd,Test 2 - raw,Test 2 - ppfd,Test 3 - raw,Test 3 - ppfd,Test 4 - raw,Test 4 - ppfd,Test 5 - raw,Test 5 - ppfd,Test 6 - raw,Test 6 - ppfd,Test 7 - raw,Test 7 - ppfd,Test 8 - raw,Test 8 - ppfd,Test 9 - raw,Test 9 - ppfd,Test 10 - raw,Test 10 - ppfd
Measurement Time,10/11/2018 16:54:39,380,N/A,N/A,N/A,0.004,0.016,0.003,0.012,0.002,0.007,0.002,0.007,0.002,0.010,0.002,0.007,0.003,0.011,0.002,0.008,0.002,0.009,0.002,0.008
Product Name*,basil,381,N/A,N/A,N/A,0.004,0.016,0.003,0.013,0.002,0.007,0.002,0.007,0.002,0.009,0.002,0.007,0.003,0.011,0.002,0.008,0.002,0.009,0.002,0.009
Manufacturer,,382,N/A,N/A,N/A,0.004,0.015,0.003,0.013,0.002,0.008,0.002,0.008,0.002,0.010,0.002,0.008,0.003,0.011,0.003,0.009,0.002,0.010,0.002,0.009
Plant Name,,383,N/A,N/A,N/A,0.003,0.014,0.003,0.012,0.002,0.008,0.002,0.009,0.002,0.010,0.002,0.009,0.003,0.011,0.003,0.009,0.003,0.011,0.002,0.009
User,,384,N/A,N/A,N/A,0.003,0.012,0.003,0.011,0.002,0.008,0.002,0.010,0.002,0.010,0.002,0.009,0.003,0.012,0.003,0.009,0.003,0.011,0.002,0.008
Temperature(â„ƒ),22.38,385,N/A,N/A,N/A,0.002,0.010,0.003,0.012,0.002,0.009,0.003,0.010,0.002,0.010,0.002,0.009,0.003,0.011,0.003,0.009,0.003,0.011,0.002,0.010
Humidity(%),60.38,386,N/A,N/A,N/A,0.002,0.010,0.003,0.012,0.002,0.010,0.003,0.011,0.002,0.010,0.003,0.010,0.003,0.011,0.003,0.010,0.003,0.012,0.002,0.010
Distance to Light Source(m),,387,N/A,N/A,N/A,0.002,0.010,0.003,0.012,0.002,0.010,0.003,0.011,0.002,0.010,0.003,0.010,0.003,0.011,0.003,0.010,0.003,0.012,0.002,0.010
Lamp warm-up period(min),,388,N/A,N/A,N/A,0.002,0.010,0.003,0.011,0.002,0.011,0.003,0.012,0.002,0.010,0.003,0.010,0.003,0.011,0.003,0.009,0.003,0.012,0.002,0.010
Height of Plant(mm),,389,N/A,N/A,N/A,0.003,0.011,0.003,0.012,0.003,0.011,0.003,0.012,0.002,0.010,0.003,0.011,0.003,0.011,0.003,0.009,0.003,0.013,0.002,0.011
Note,"",390,N/A,N/A,N/A,0.003,0.012,0.003,0.012,0.003,0.011,0.003,0.012,0.002,0.010,0.003,0.011,0.003,0.011,0.003,0.009,0.003,0.013,0.003,0.011
,,391,N/A,N/A,N/A,0.003,0.013,0.003,0.012,0.003,0.012,0.003,0.013,0.002,0.009,0.003,0.011,0.003,0.012,0.003,0.010,0.003,0.013,0.003,0.012
,,392,N/A,N/A,N/A,0.003,0.014,0.003,0.013,0.003,0.012,0.003,0.013,0.002,0.009,0.003,0.012,0.003,0.012,0.003,0.010,0.003,0.014,0.003,0.013
,,393,N/A,N/A,N/A,0.003,0.015,0.003,0.013,0.003,0.012,0.003,0.013,0.002,0.009,0.003,0.012,0.003,0.012,0.003,0.010,0.003,0.014,0.003,0.013
,,394,N/A,N/A,N/A,0.004,0.015,0.003,0.013,0.003,0.013,0.003,0.014,0.002,0.009,0.003,0.013,0.003,0.013,0.003,0.010,0.003,0.015,0.003,0.013
,,395,N/A,N/A,N/A,0.004,0.016,0.003,0.014,0.003,0.013,0.003,0.014,0.002,0.009,0.004,0.014,0.003,0.014,0.003,0.010,0.004,0.015,0.003,0.014
,,396,N/A,N/A,N/A,0.004,0.017,0.003,0.014,0.003,0.014,0.003,0.015,0.002,0.009,0.004,0.014,0.003,0.014,0.003,0.011,0.004,0.016,0.003,0.014
,,397,N/A,N/A,N/A,0.004,0.017,0.003,0.014,0.003,0.014,0.003,0.015,0.002,0.009,0.004,0.014,0.003,0.015,0.003,0.011,0.004,0.016,0.003,0.015
,,398,N/A,N/A,N/A,0.004,0.017,0.004,0.015,0.003,0.014,0.004,0.015,0.002,0.009,0.004,0.015,0.004,0.015,0.003,0.012,0.004,0.016,0.003,0.015
,,399,N/A,N/A,N/A,0.004,0.017,0.004,0.016,0.003,0.015,0.004,0.016,0.002,0.009,0.004,0.015,0.004,0.016,0.004,0.013,0.004,0.016,0.003,0.016
,,400,N/A,N/A,N/A,0.004,0.017,0.004,0.016,0.003,0.015,0.004,0.016,0.002,0.010,0.004,0.015,0.004,0.016,0.004,0.013,0.004,0.017,0.004,0.016
,,401,N/A,N/A,N/A,0.004,0.017,0.004,0.017,0.003,0.016,0.004,0.016,0.002,0.011,0.004,0.015,0.004,0.016,0.004,0.013,0.004,0.017,0.004,0.017
,,402,N/A,N/A,N/A,0.004,0.017,0.004,0.017,0.004,0.016,0.004,0.016,0.003,0.011,0.004,0.016,0.004,0.016,0.004,0.014,0.004,0.018,0.004,0.017
,,403,N/A,N/A,N/A,0.004,0.017,0.004,0.017,0.004,0.017,0.004,0.017,0.003,0.012,0.004,0.017,0.004,0.017,0.004,0.014,0.004,0.018,0.004,0.018
,,404,N/A,N/A,N/A,0.004,0.018,0.004,0.018,0.004,0.017,0.004,0.018,0.003,0.013,0.004,0.017,0.004,0.017,0.004,0.015,0.004,0.019,0.004,0.018
,,405,N/A,N/A,N/A,0.004,0.018,0.004,0.018,0.004,0.017,0.004,0.018,0.003,0.014,0.004,0.017,0.004,0.017,0.004,0.015,0.004,0.019,0.004,0.018
,,406,N/A,N/A,N/A,0.004,0.018,0.004,0.019,0.004,0.018,0.004,0.019,0.003,0.015,0.004,0.018,0.004,0.018,0.004,0.016,0.005,0.020,0.004,0.018
,,407,N/A,N/A,N/A,0.004,0.019,0.005,0.020,0.004,0.018,0.005,0.020,0.004,0.016,0.005,0.018,0.004,0.018,0.005,0.016,0.005,0.021,0.004,0.019
,,408,N/A,N/A,N/A,0.005,0.020,0.005,0.020,0.004,0.019,0.005,0.021,0.004,0.018,0.005,0.019,0.004,0.019,0.005,0.017,0.005,0.021,0.004,0.020
,,409,N/A,N/A,N/A,0.005,0.021,0.005,0.021,0.004,0.020,0.005,0.022,0.004,0.019,0.005,0.020,0.004,0.019,0.005,0.017,0.005,0.022,0.005,0.022
,,410,N/A,N/A,N/A,0.005,0.022,0.005,0.022,0.005,0.021,0.005,0.024,0.005,0.021,0.005,0.021,0.005,0.020,0.005,0.018,0.005,0.023,0.005,0.023
,,411,N/A,N/A,N/A,0.005,0.023,0.005,0.023,0.005,0.023,0.006,0.026,0.005,0.022,0.006,0.022,0.005,0.021,0.005,0.019,0.006,0.025,0.005,0.024
,,412,N/A,N/A,N/A,0.006,0.025,0.006,0.025,0.005,0.025,0.006,0.028,0.005,0.024,0.006,0.024,0.005,0.023,0.006,0.021,0.006,0.026,0.006,0.026
,,413,N/A,N/A,N/A,0.006,0.027,0.006,0.026,0.006,0.027,0.007,0.030,0.006,0.027,0.006,0.025,0.006,0.025,0.006,0.023,0.006,0.028,0.006,0.028
,,414,N/A,N/A,N/A,0.007,0.029,0.007,0.029,0.006,0.030,0.007,0.033,0.007,0.029,0.007,0.027,0.006,0.027,0.007,0.025,0.007,0.031,0.007,0.031
,,415,N/A,N/A,N/A,0.007,0.031,0.007,0.032,0.007,0.033,0.008,0.036,0.007,0.033,0.007,0.029,0.007,0.030,0.008,0.027,0.008,0.034,0.007,0.034
,,416,N/A,N/A,N/A,0.008,0.035,0.008,0.035,0.008,0.037,0.009,0.040,0.008,0.036,0.008,0.032,0.008,0.034,0.009,0.031,0.008,0.038,0.008,0.039
,,417,N/A,N/A,N/A,0.009,0.039,0.009,0.040,0.009,0.042,0.010,0.045,0.009,0.041,0.009,0.036,0.008,0.038,0.010,0.035,0.010,0.043,0.009,0.044
,,418,N/A,N/A,N/A,0.010,0.045,0.010,0.045,0.010,0.048,0.011,0.051,0.010,0.046,0.010,0.040,0.010,0.043,0.011,0.039,0.011,0.049,0.011,0.049
,,419,N/A,N/A,N/A,0.012,0.051,0.012,0.051,0.012,0.055,0.013,0.058,0.012,0.053,0.011,0.045,0.011,0.049,0.012,0.045,0.012,0.056,0.012,0.056
,,420,N/A,N/A,N/A,0.013,0.059,0.013,0.059,0.013,0.063,0.014,0.065,0.013,0.061,0.013,0.051,0.012,0.057,0.014,0.051,0.014,0.064,0.014,0.063
,,421,N/A,N/A,N/A,0.015,0.068,0.015,0.068,0.015,0.072,0.016,0.074,0.015,0.071,0.014,0.059,0.014,0.065,0.016,0.059,0.016,0.074,0.016,0.074
,,422,N/A,N/A,N/A,0.017,0.078,0.018,0.079,0.017,0.084,0.019,0.085,0.018,0.082,0.016,0.068,0.017,0.075,0.018,0.068,0.019,0.086,0.018,0.085
,,423,N/A,N/A,N/A,0.020,0.090,0.021,0.092,0.020,0.097,0.021,0.098,0.021,0.095,0.019,0.078,0.019,0.087,0.021,0.078,0.022,0.100,0.021,0.098
,,424,N/A,N/A,N/A,0.023,0.105,0.024,0.107,0.023,0.112,0.025,0.114,0.024,0.110,0.022,0.090,0.022,0.101,0.025,0.090,0.025,0.116,0.024,0.114
,,425,N/A,N/A,N/A,0.027,0.123,0.028,0.124,0.027,0.131,0.029,0.133,0.028,0.128,0.025,0.105,0.025,0.117,0.029,0.105,0.030,0.135,0.028,0.133
,,426,N/A,N/A,N/A,0.032,0.144,0.032,0.145,0.032,0.152,0.033,0.154,0.032,0.149,0.030,0.122,0.030,0.136,0.033,0.123,0.034,0.158,0.033,0.156
,,427,N/A,N/A,N/A,0.037,0.170,0.038,0.171,0.037,0.179,0.039,0.181,0.038,0.176,0.035,0.143,0.035,0.160,0.039,0.144,0.040,0.185,0.038,0.183
,,428,N/A,N/A,N/A,0.044,0.200,0.045,0.201,0.043,0.211,0.045,0.211,0.044,0.207,0.041,0.169,0.041,0.187,0.046,0.170,0.047,0.218,0.045,0.215
,,429,N/A,N/A,N/A,0.052,0.235,0.052,0.236,0.051,0.249,0.053,0.248,0.052,0.243,0.048,0.198,0.048,0.220,0.054,0.200,0.056,0.256,0.053,0.253
,,430,N/A,N/A,N/A,0.061,0.277,0.061,0.277,0.060,0.293,0.062,0.292,0.061,0.287,0.056,0.233,0.056,0.259,0.063,0.235,0.065,0.301,0.062,0.298
,,431,N/A,N/A,N/A,0.071,0.326,0.071,0.325,0.070,0.344,0.073,0.343,0.072,0.337,0.065,0.273,0.065,0.303,0.074,0.276,0.076,0.352,0.073,0.350
,,432,N/A,N/A,N/A,0.083,0.381,0.083,0.379,0.082,0.402,0.086,0.402,0.084,0.395,0.076,0.318,0.076,0.354,0.086,0.323,0.089,0.412,0.085,0.409
,,433,N/A,N/A,N/A,0.097,0.445,0.096,0.440,0.096,0.470,0.100,0.469,0.098,0.460,0.088,0.371,0.088,0.412,0.101,0.377,0.103,0.480,0.098,0.477
,,434,N/A,N/A,N/A,0.112,0.519,0.111,0.511,0.111,0.547,0.116,0.546,0.114,0.537,0.102,0.431,0.102,0.479,0.117,0.439,0.120,0.558,0.114,0.555
,,435,N/A,N/A,N/A,0.130,0.603,0.129,0.591,0.129,0.635,0.134,0.634,0.132,0.623,0.119,0.501,0.118,0.556,0.135,0.510,0.138,0.646,0.132,0.644
,,436,N/A,N/A,N/A,0.150,0.697,0.148,0.681,0.148,0.733,0.155,0.734,0.152,0.721,0.137,0.579,0.136,0.642,0.156,0.589,0.159,0.745,0.152,0.744
,,437,N/A,N/A,N/A,0.173,0.802,0.170,0.783,0.170,0.844,0.178,0.844,0.174,0.830,0.157,0.666,0.157,0.740,0.179,0.677,0.182,0.857,0.175,0.855
,,438,N/A,N/A,N/A,0.198,0.920,0.194,0.897,0.195,0.968,0.203,0.967,0.200,0.951,0.179,0.764,0.180,0.850,0.204,0.775,0.208,0.981,0.200,0.980
,,439,N/A,N/A,N/A,0.226,1.053,0.221,1.025,0.222,1.106,0.232,1.104,0.227,1.086,0.205,0.874,0.205,0.972,0.233,0.887,0.237,1.120,0.228,1.119
,,440,N/A,N/A,N/A,0.257,1.201,0.251,1.167,0.252,1.258,0.263,1.256,0.258,1.235,0.233,0.996,0.233,1.107,0.265,1.010,0.269,1.273,0.259,1.273
,,441,N/A,N/A,N/A,0.291,1.365,0.285,1.326,0.285,1.427,0.298,1.425,0.292,1.401,0.264,1.133,0.264,1.258,0.301,1.149,0.305,1.444,0.293,1.445
,,442,N/A,N/A,N/A,0.329,1.543,0.321,1.498,0.321,1.610,0.335,1.609,0.329,1.582,0.299,1.284,0.298,1.424,0.340,1.301,0.343,1.630,0.330,1.632
,,443,N/A,N/A,N/A,0.368,1.733,0.359,1.680,0.360,1.806,0.375,1.803,0.368,1.775,0.336,1.446,0.335,1.601,0.381,1.462,0.384,1.828,0.370,1.831
,,444,N/A,N/A,N/A,0.410,1.935,0.399,1.871,0.400,2.013,0.417,2.009,0.410,1.980,0.375,1.617,0.373,1.788,0.424,1.631,0.427,2.035,0.411,2.040
,,445,N/A,N/A,N/A,0.454,2.145,0.441,2.073,0.442,2.231,0.460,2.224,0.453,2.195,0.416,1.797,0.413,1.984,0.469,1.809,0.471,2.253,0.454,2.260
,,446,N/A,N/A,N/A,0.496,2.352,0.482,2.271,0.484,2.446,0.503,2.437,0.496,2.406,0.456,1.974,0.452,2.179,0.514,1.985,0.515,2.468,0.496,2.477
,,447,N/A,N/A,N/A,0.537,2.550,0.521,2.459,0.523,2.651,0.544,2.641,0.536,2.606,0.494,2.144,0.490,2.366,0.556,2.154,0.557,2.675,0.537,2.684
,,448,N/A,N/A,N/A,0.574,2.733,0.556,2.631,0.560,2.842,0.582,2.832,0.572,2.791,0.529,2.303,0.525,2.540,0.596,2.313,0.596,2.867,0.574,2.876
,,449,N/A,N/A,N/A,0.606,2.892,0.586,2.780,0.591,3.008,0.615,3.000,0.604,2.952,0.560,2.441,0.555,2.691,0.631,2.453,0.629,3.035,0.606,3.045
,,450,N/A,N/A,N/A,0.631,3.019,0.610,2.897,0.616,3.141,0.642,3.136,0.630,3.084,0.584,2.554,0.579,2.813,0.658,2.567,0.656,3.170,0.632,3.180
,,451,N/A,N/A,N/A,0.648,3.106,0.625,2.977,0.633,3.235,0.660,3.232,0.648,3.178,0.601,2.633,0.596,2.902,0.677,2.647,0.674,3.266,0.649,3.275
,,452,N/A,N/A,N/A,0.656,3.152,0.632,3.016,0.641,3.286,0.669,3.283,0.656,3.229,0.609,2.677,0.604,2.951,0.687,2.691,0.683,3.319,0.658,3.326
,,453,N/A,N/A,N/A,0.655,3.154,0.630,3.013,0.641,3.291,0.668,3.288,0.655,3.231,0.609,2.681,0.605,2.958,0.687,2.695,0.683,3.324,0.657,3.330
,,454,N/A,N/A,N/A,0.645,3.112,0.620,2.973,0.632,3.252,0.659,3.250,0.646,3.189,0.600,2.649,0.596,2.925,0.677,2.665,0.674,3.286,0.648,3.291
,,455,N/A,N/A,N/A,0.626,3.028,0.602,2.893,0.614,3.170,0.641,3.169,0.627,3.107,0.584,2.582,0.580,2.853,0.660,2.600,0.655,3.204,0.631,3.209
,,456,N/A,N/A,N/A,0.599,2.904,0.576,2.772,0.589,3.044,0.615,3.045,0.601,2.981,0.559,2.479,0.557,2.743,0.633,2.500,0.629,3.080,0.605,3.085
,,457,N/A,N/A,N/A,0.567,2.753,0.544,2.626,0.558,2.890,0.583,2.892,0.569,2.829,0.529,2.351,0.528,2.606,0.600,2.376,0.596,2.926,0.574,2.932
,,458,N/A,N/A,N/A,0.531,2.583,0.509,2.463,0.523,2.713,0.546,2.718,0.533,2.658,0.496,2.206,0.495,2.449,0.563,2.235,0.559,2.750,0.538,2.756
,,459,N/A,N/A,N/A,0.492,2.399,0.472,2.287,0.485,2.522,0.507,2.528,0.495,2.472,0.460,2.050,0.460,2.279,0.523,2.080,0.519,2.558,0.500,2.564
,,460,N/A,N/A,N/A,0.452,2.209,0.434,2.106,0.446,2.324,0.466,2.329,0.455,2.279,0.422,1.888,0.423,2.101,0.481,1.918,0.477,2.360,0.460,2.366
,,461,N/A,N/A,N/A,0.412,2.020,0.396,1.927,0.407,2.128,0.426,2.131,0.416,2.086,0.386,1.728,0.387,1.925,0.440,1.756,0.436,2.161,0.421,2.168
,,462,N/A,N/A,N/A,0.375,1.841,0.360,1.758,0.371,1.942,0.387,1.944,0.378,1.902,0.351,1.576,0.352,1.757,0.400,1.602,0.397,1.972,0.383,1.980
,,463,N/A,N/A,N/A,0.340,1.672,0.327,1.598,0.336,1.765,0.352,1.768,0.343,1.729,0.318,1.432,0.320,1.598,0.363,1.457,0.360,1.792,0.348,1.802
,,464,N/A,N/A,N/A,0.308,1.518,0.296,1.451,0.305,1.605,0.319,1.607,0.311,1.572,0.288,1.300,0.290,1.452,0.330,1.326,0.327,1.628,0.316,1.640
,,465,N/A,N/A,N/A,0.279,1.379,0.268,1.317,0.276,1.458,0.289,1.462,0.283,1.431,0.261,1.181,0.263,1.321,0.299,1.206,0.296,1.480,0.287,1.492
,,466,N/A,N/A,N/A,0.253,1.255,0.243,1.196,0.251,1.325,0.263,1.330,0.257,1.302,0.237,1.073,0.239,1.202,0.272,1.096,0.269,1.347,0.260,1.357
,,467,N/A,N/A,N/A,0.231,1.144,0.221,1.089,0.228,1.206,0.239,1.213,0.233,1.186,0.215,0.978,0.217,1.096,0.247,0.999,0.245,1.227,0.237,1.237
,,468,N/A,N/A,N/A,0.210,1.044,0.201,0.994,0.207,1.100,0.218,1.108,0.212,1.082,0.196,0.893,0.198,1.000,0.225,0.912,0.222,1.119,0.216,1.128
,,469,N/A,N/A,N/A,0.191,0.953,0.183,0.907,0.189,1.005,0.199,1.013,0.194,0.988,0.179,0.816,0.180,0.914,0.205,0.834,0.203,1.021,0.197,1.031
,,470,N/A,N/A,N/A,0.174,0.870,0.167,0.828,0.172,0.918,0.181,0.925,0.176,0.902,0.163,0.745,0.164,0.835,0.187,0.763,0.185,0.932,0.179,0.942
,,471,N/A,N/A,N/A,0.159,0.794,0.152,0.756,0.157,0.837,0.165,0.846,0.161,0.824,0.149,0.681,0.150,0.763,0.171,0.697,0.168,0.851,0.163,0.861
,,472,N/A,N/A,N/A,0.144,0.724,0.138,0.689,0.142,0.762,0.151,0.772,0.146,0.751,0.135,0.620,0.137,0.697,0.156,0.637,0.153,0.777,0.149,0.785
,,473,N/A,N/A,N/A,0.131,0.659,0.125,0.626,0.129,0.693,0.137,0.703,0.133,0.683,0.122,0.563,0.124,0.635,0.141,0.579,0.139,0.706,0.135,0.715
,,474,N/A,N/A,N/A,0.119,0.597,0.113,0.567,0.117,0.628,0.124,0.638,0.120,0.619,0.111,0.510,0.113,0.578,0.128,0.525,0.126,0.640,0.122,0.649
,,475,N/A,N/A,N/A,0.107,0.541,0.102,0.513,0.105,0.568,0.112,0.577,0.108,0.560,0.100,0.462,0.102,0.524,0.116,0.476,0.114,0.579,0.111,0.587
,,476,N/A,N/A,N/A,0.097,0.489,0.092,0.463,0.095,0.513,0.101,0.522,0.098,0.505,0.090,0.418,0.092,0.473,0.104,0.430,0.102,0.523,0.100,0.530
,,477,N/A,N/A,N/A,0.087,0.440,0.083,0.418,0.085,0.462,0.091,0.470,0.088,0.456,0.081,0.377,0.083,0.427,0.094,0.389,0.092,0.472,0.089,0.477
,,478,N/A,N/A,N/A,0.078,0.396,0.075,0.376,0.077,0.416,0.082,0.424,0.079,0.411,0.073,0.340,0.075,0.385,0.085,0.351,0.083,0.425,0.080,0.430
,,479,N/A,N/A,N/A,0.070,0.356,0.067,0.338,0.069,0.374,0.073,0.382,0.071,0.370,0.066,0.307,0.067,0.347,0.076,0.316,0.074,0.383,0.072,0.387
,,480,N/A,N/A,N/A,0.063,0.321,0.060,0.304,0.062,0.336,0.066,0.344,0.064,0.334,0.059,0.277,0.060,0.313,0.068,0.285,0.067,0.345,0.065,0.348
,,481,N/A,N/A,N/A,0.057,0.290,0.054,0.274,0.056,0.303,0.059,0.310,0.058,0.302,0.054,0.251,0.055,0.284,0.062,0.257,0.060,0.312,0.058,0.314
,,482,N/A,N/A,N/A,0.051,0.263,0.049,0.248,0.050,0.274,0.054,0.281,0.052,0.274,0.049,0.228,0.050,0.258,0.056,0.233,0.055,0.282,0.053,0.284
,,483,N/A,N/A,N/A,0.047,0.239,0.044,0.226,0.046,0.250,0.049,0.256,0.048,0.250,0.044,0.208,0.045,0.235,0.051,0.212,0.050,0.257,0.048,0.258
,,484,N/A,N/A,N/A,0.042,0.218,0.040,0.206,0.042,0.228,0.045,0.234,0.043,0.229,0.041,0.191,0.041,0.215,0.046,0.194,0.045,0.235,0.043,0.235
,,485,N/A,N/A,N/A,0.039,0.200,0.037,0.189,0.038,0.209,0.041,0.215,0.040,0.210,0.037,0.176,0.038,0.197,0.042,0.178,0.042,0.217,0.040,0.215
,,486,N/A,N/A,N/A,0.036,0.184,0.034,0.174,0.035,0.192,0.037,0.198,0.037,0.193,0.034,0.162,0.035,0.181,0.039,0.164,0.038,0.200,0.036,0.198
,,487,N/A,N/A,N/A,0.033,0.170,0.031,0.162,0.032,0.176,0.035,0.183,0.034,0.178,0.032,0.150,0.032,0.168,0.036,0.151,0.035,0.185,0.034,0.183
,,488,N/A,N/A,N/A,0.030,0.157,0.029,0.150,0.029,0.163,0.032,0.169,0.031,0.165,0.029,0.139,0.030,0.156,0.033,0.140,0.033,0.172,0.031,0.169
,,489,N/A,N/A,N/A,0.028,0.146,0.027,0.139,0.027,0.151,0.030,0.157,0.029,0.153,0.027,0.129,0.028,0.145,0.031,0.131,0.031,0.161,0.029,0.156
,,490,N/A,N/A,N/A,0.026,0.137,0.025,0.130,0.025,0.141,0.027,0.146,0.027,0.143,0.025,0.121,0.026,0.136,0.029,0.122,0.029,0.150,0.026,0.145
,,491,N/A,N/A,N/A,0.025,0.128,0.024,0.122,0.024,0.132,0.026,0.137,0.025,0.133,0.024,0.113,0.024,0.127,0.027,0.115,0.027,0.141,0.024,0.134
,,492,N/A,N/A,N/A,0.023,0.120,0.022,0.115,0.022,0.124,0.024,0.129,0.023,0.125,0.022,0.107,0.023,0.120,0.025,0.108,0.025,0.132,0.023,0.125
,,493,N/A,N/A,N/A,0.022,0.113,0.021,0.108,0.021,0.117,0.023,0.122,0.022,0.118,0.021,0.102,0.021,0.113,0.024,0.102,0.024,0.125,0.021,0.118
,,494,N/A,N/A,N/A,0.020,0.107,0.020,0.103,0.020,0.111,0.022,0.116,0.021,0.111,0.020,0.097,0.020,0.108,0.023,0.097,0.022,0.118,0.020,0.111
,,495,N/A,N/A,N/A,0.019,0.102,0.019,0.098,0.019,0.106,0.021,0.111,0.020,0.105,0.019,0.093,0.019,0.103,0.022,0.093,0.021,0.112,0.019,0.106
,,496,N/A,N/A,N/A,0.019,0.098,0.018,0.094,0.018,0.102,0.020,0.107,0.019,0.101,0.018,0.089,0.019,0.100,0.021,0.089,0.020,0.107,0.018,0.102
,,497,N/A,N/A,N/A,0.018,0.095,0.017,0.091,0.018,0.099,0.019,0.103,0.018,0.098,0.018,0.087,0.018,0.097,0.020,0.087,0.019,0.103,0.018,0.098
,,498,N/A,N/A,N/A,0.017,0.092,0.017,0.088,0.017,0.097,0.019,0.100,0.018,0.096,0.018,0.085,0.018,0.094,0.020,0.085,0.019,0.101,0.017,0.095
,,499,N/A,N/A,N/A,0.017,0.090,0.016,0.087,0.017,0.095,0.018,0.098,0.017,0.094,0.017,0.084,0.017,0.093,0.020,0.084,0.018,0.099,0.017,0.093
,,500,N/A,N/A,N/A,0.017,0.089,0.016,0.086,0.017,0.094,0.018,0.096,0.017,0.093,0.017,0.083,0.017,0.093,0.019,0.084,0.018,0.097,0.016,0.092
,,501,N/A,N/A,N/A,0.017,0.088,0.016,0.086,0.016,0.093,0.018,0.096,0.017,0.093,0.017,0.083,0.017,0.093,0.019,0.084,0.018,0.097,0.016,0.092
,,502,N/A,N/A,N/A,0.017,0.088,0.016,0.086,0.016,0.093,0.017,0.095,0.017,0.093,0.017,0.083,0.017,0.093,0.019,0.084,0.018,0.096,0.016,0.092
,,503,N/A,N/A,N/A,0.017,0.089,0.016,0.086,0.016,0.093,0.017,0.095,0.017,0.093,0.017,0.084,0.017,0.094,0.019,0.085,0.018,0.096,0.016,0.093
,,504,N/A,N/A,N/A,0.017,0.089,0.016,0.087,0.016,0.094,0.017,0.095,0.017,0.094,0.017,0.085,0.018,0.095,0.020,0.086,0.018,0.097,0.017,0.093
,,505,N/A,N/A,N/A,0.017,0.090,0.017,0.089,0.017,0.095,0.017,0.096,0.017,0.095,0.017,0.086,0.018,0.097,0.020,0.087,0.018,0.099,0.017,0.095
,,506,N/A,N/A,N/A,0.017,0.091,0.017,0.090,0.017,0.096,0.018,0.097,0.017,0.096,0.018,0.087,0.018,0.098,0.020,0.088,0.018,0.100,0.017,0.096
,,507,N/A,N/A,N/A,0.017,0.092,0.017,0.092,0.017,0.098,0.018,0.098,0.018,0.097,0.018,0.089,0.018,0.100,0.020,0.090,0.019,0.102,0.017,0.097
,,508,N/A,N/A,N/A,0.017,0.094,0.018,0.094,0.017,0.100,0.018,0.100,0.018,0.099,0.018,0.091,0.019,0.103,0.021,0.092,0.019,0.103,0.017,0.099
,,509,N/A,N/A,N/A,0.018,0.096,0.018,0.096,0.018,0.101,0.018,0.102,0.018,0.101,0.019,0.093,0.019,0.105,0.021,0.094,0.019,0.105,0.018,0.101
,,510,N/A,N/A,N/A,0.018,0.099,0.018,0.098,0.018,0.103,0.019,0.105,0.019,0.103,0.019,0.096,0.020,0.108,0.022,0.096,0.020,0.108,0.018,0.104
,,511,N/A,N/A,N/A,0.019,0.101,0.019,0.101,0.018,0.106,0.019,0.107,0.019,0.106,0.020,0.098,0.020,0.110,0.022,0.099,0.020,0.110,0.019,0.106
,,512,N/A,N/A,N/A,0.019,0.103,0.019,0.103,0.019,0.108,0.020,0.110,0.019,0.108,0.020,0.100,0.020,0.113,0.023,0.102,0.021,0.113,0.019,0.108
,,513,N/A,N/A,N/A,0.019,0.106,0.020,0.106,0.019,0.111,0.020,0.114,0.020,0.111,0.021,0.103,0.021,0.117,0.024,0.105,0.021,0.116,0.019,0.111
,,514,N/A,N/A,N/A,0.020,0.108,0.020,0.109,0.020,0.114,0.021,0.117,0.020,0.114,0.021,0.106,0.022,0.120,0.024,0.108,0.022,0.119,0.020,0.114
,,515,N/A,N/A,N/A,0.020,0.112,0.020,0.111,0.020,0.117,0.022,0.121,0.021,0.117,0.022,0.110,0.022,0.124,0.025,0.111,0.022,0.123,0.020,0.117
,,516,N/A,N/A,N/A,0.021,0.115,0.021,0.115,0.021,0.120,0.022,0.125,0.021,0.120,0.023,0.113,0.023,0.128,0.026,0.115,0.023,0.126,0.021,0.120
,,517,N/A,N/A,N/A,0.022,0.118,0.022,0.118,0.021,0.124,0.023,0.129,0.022,0.124,0.023,0.116,0.024,0.132,0.026,0.119,0.023,0.129,0.021,0.123
,,518,N/A,N/A,N/A,0.022,0.122,0.022,0.121,0.022,0.127,0.024,0.133,0.023,0.128,0.024,0.119,0.024,0.135,0.027,0.122,0.024,0.132,0.022,0.127
,,519,N/A,N/A,N/A,0.023,0.125,0.023,0.124,0.022,0.131,0.024,0.137,0.023,0.131,0.024,0.123,0.025,0.139,0.028,0.125,0.024,0.136,0.022,0.130
,,520,N/A,N/A,N/A,0.023,0.128,0.023,0.128,0.023,0.135,0.025,0.141,0.024,0.135,0.025,0.126,0.025,0.143,0.029,0.129,0.025,0.139,0.023,0.133
,,521,N/A,N/A,N/A,0.024,0.132,0.024,0.131,0.023,0.138,0.026,0.144,0.024,0.138,0.025,0.129,0.026,0.146,0.029,0.132,0.025,0.142,0.023,0.136
,,522,N/A,N/A,N/A,0.024,0.135,0.024,0.133,0.024,0.141,0.026,0.148,0.025,0.142,0.026,0.132,0.027,0.150,0.030,0.135,0.026,0.146,0.024,0.138
,,523,N/A,N/A,N/A,0.025,0.138,0.025,0.136,0.024,0.144,0.027,0.151,0.025,0.145,0.026,0.134,0.027,0.154,0.031,0.138,0.027,0.149,0.024,0.141
,,524,N/A,N/A,N/A,0.025,0.141,0.025,0.139,0.025,0.147,0.027,0.153,0.026,0.147,0.027,0.137,0.028,0.157,0.031,0.141,0.027,0.152,0.025,0.144
,,525,N/A,N/A,N/A,0.026,0.143,0.025,0.141,0.025,0.150,0.027,0.156,0.026,0.150,0.027,0.139,0.028,0.159,0.032,0.143,0.027,0.155,0.025,0.146
,,526,N/A,N/A,N/A,0.026,0.145,0.026,0.143,0.026,0.153,0.028,0.158,0.027,0.153,0.027,0.141,0.028,0.161,0.032,0.145,0.028,0.157,0.025,0.149
,,527,N/A,N/A,N/A,0.026,0.147,0.026,0.144,0.026,0.155,0.028,0.159,0.027,0.155,0.028,0.142,0.029,0.164,0.032,0.147,0.028,0.158,0.026,0.151
,,528,N/A,N/A,N/A,0.027,0.149,0.026,0.146,0.026,0.157,0.028,0.160,0.027,0.157,0.028,0.144,0.029,0.166,0.033,0.150,0.028,0.160,0.026,0.153
,,529,N/A,N/A,N/A,0.027,0.151,0.026,0.148,0.027,0.159,0.028,0.162,0.028,0.160,0.028,0.146,0.029,0.168,0.033,0.152,0.028,0.162,0.026,0.155
,,530,N/A,N/A,N/A,0.027,0.153,0.027,0.149,0.027,0.161,0.028,0.164,0.028,0.162,0.029,0.148,0.030,0.171,0.034,0.154,0.029,0.163,0.026,0.157
,,531,N/A,N/A,N/A,0.027,0.155,0.027,0.151,0.027,0.162,0.029,0.165,0.028,0.164,0.029,0.150,0.030,0.173,0.034,0.156,0.029,0.165,0.027,0.159
,,532,N/A,N/A,N/A,0.028,0.156,0.027,0.153,0.027,0.165,0.029,0.168,0.029,0.166,0.029,0.152,0.031,0.176,0.034,0.159,0.029,0.167,0.027,0.162
,,533,N/A,N/A,N/A,0.028,0.159,0.028,0.156,0.028,0.167,0.029,0.170,0.029,0.169,0.030,0.155,0.031,0.179,0.035,0.161,0.030,0.169,0.027,0.164
,,534,N/A,N/A,N/A,0.028,0.162,0.028,0.159,0.028,0.170,0.030,0.173,0.030,0.172,0.031,0.158,0.032,0.182,0.035,0.164,0.030,0.172,0.028,0.166
,,535,N/A,N/A,N/A,0.029,0.165,0.029,0.162,0.029,0.174,0.030,0.176,0.030,0.175,0.031,0.162,0.032,0.185,0.036,0.167,0.031,0.176,0.028,0.170
,,536,N/A,N/A,N/A,0.030,0.169,0.029,0.166,0.029,0.177,0.031,0.180,0.031,0.179,0.032,0.166,0.033,0.189,0.037,0.170,0.031,0.180,0.029,0.173
,,537,N/A,N/A,N/A,0.030,0.173,0.030,0.170,0.030,0.180,0.031,0.184,0.031,0.183,0.033,0.171,0.033,0.193,0.037,0.174,0.032,0.184,0.029,0.176
,,538,N/A,N/A,N/A,0.031,0.176,0.031,0.174,0.030,0.184,0.032,0.188,0.032,0.187,0.034,0.175,0.034,0.198,0.038,0.178,0.033,0.189,0.030,0.180
,,539,N/A,N/A,N/A,0.031,0.180,0.031,0.177,0.031,0.188,0.033,0.192,0.032,0.191,0.034,0.180,0.035,0.202,0.039,0.182,0.034,0.194,0.030,0.184
,,540,N/A,N/A,N/A,0.032,0.184,0.032,0.182,0.031,0.192,0.034,0.197,0.033,0.195,0.035,0.185,0.035,0.206,0.040,0.186,0.034,0.200,0.031,0.188
,,541,N/A,N/A,N/A,0.033,0.187,0.033,0.186,0.032,0.197,0.034,0.201,0.034,0.199,0.036,0.189,0.036,0.210,0.040,0.190,0.035,0.205,0.032,0.191
,,542,N/A,N/A,N/A,0.033,0.190,0.033,0.189,0.033,0.201,0.035,0.204,0.034,0.203,0.037,0.193,0.037,0.214,0.041,0.193,0.036,0.210,0.032,0.194
,,543,N/A,N/A,N/A,0.033,0.193,0.033,0.192,0.033,0.204,0.035,0.207,0.035,0.206,0.037,0.196,0.037,0.217,0.042,0.196,0.037,0.214,0.033,0.198
,,544,N/A,N/A,N/A,0.034,0.195,0.034,0.194,0.034,0.207,0.036,0.210,0.035,0.210,0.038,0.199,0.037,0.219,0.042,0.199,0.037,0.218,0.033,0.201
,,545,N/A,N/A,N/A,0.034,0.197,0.034,0.196,0.034,0.209,0.036,0.212,0.036,0.212,0.038,0.201,0.038,0.221,0.043,0.201,0.038,0.220,0.033,0.203
,,546,N/A,N/A,N/A,0.034,0.198,0.034,0.197,0.034,0.210,0.036,0.214,0.036,0.214,0.038,0.202,0.038,0.222,0.043,0.203,0.038,0.222,0.033,0.204
,,547,N/A,N/A,N/A,0.034,0.199,0.034,0.198,0.034,0.212,0.036,0.215,0.036,0.215,0.038,0.203,0.038,0.223,0.043,0.204,0.038,0.223,0.034,0.206
,,548,N/A,N/A,N/A,0.034,0.200,0.034,0.198,0.034,0.213,0.036,0.215,0.036,0.216,0.038,0.204,0.038,0.224,0.043,0.205,0.038,0.223,0.034,0.206
,,549,N/A,N/A,N/A,0.034,0.200,0.034,0.198,0.034,0.214,0.036,0.216,0.036,0.217,0.038,0.203,0.038,0.225,0.043,0.205,0.038,0.223,0.034,0.207
,,550,N/A,N/A,N/A,0.034,0.200,0.034,0.198,0.034,0.215,0.036,0.216,0.036,0.217,0.038,0.202,0.038,0.226,0.043,0.205,0.038,0.223,0.034,0.208
,,551,N/A,N/A,N/A,0.034,0.200,0.034,0.197,0.034,0.215,0.036,0.215,0.036,0.217,0.038,0.201,0.038,0.226,0.043,0.205,0.038,0.222,0.034,0.208
,,552,N/A,N/A,N/A,0.034,0.200,0.034,0.197,0.034,0.214,0.036,0.215,0.036,0.217,0.037,0.200,0.038,0.225,0.043,0.205,0.037,0.221,0.034,0.208
,,553,N/A,N/A,N/A,0.034,0.201,0.034,0.197,0.034,0.214,0.036,0.215,0.036,0.217,0.037,0.200,0.038,0.226,0.043,0.204,0.037,0.220,0.034,0.209
,,554,N/A,N/A,N/A,0.034,0.201,0.034,0.197,0.034,0.214,0.036,0.215,0.036,0.216,0.037,0.199,0.038,0.226,0.043,0.204,0.037,0.220,0.034,0.209
,,555,N/A,N/A,N/A,0.034,0.201,0.034,0.197,0.034,0.215,0.036,0.215,0.036,0.216,0.037,0.199,0.038,0.227,0.042,0.204,0.037,0.219,0.034,0.209
,,556,N/A,N/A,N/A,0.034,0.201,0.034,0.198,0.034,0.216,0.036,0.216,0.036,0.216,0.037,0.200,0.038,0.228,0.042,0.204,0.037,0.219,0.034,0.210
,,557,N/A,N/A,N/A,0.034,0.202,0.034,0.199,0.034,0.216,0.036,0.217,0.036,0.217,0.037,0.200,0.038,0.229,0.042,0.205,0.037,0.219,0.034,0.212
,,558,N/A,N/A,N/A,0.034,0.203,0.034,0.200,0.034,0.217,0.036,0.218,0.036,0.218,0.037,0.201,0.038,0.230,0.043,0.206,0.037,0.219,0.034,0.213
,,559,N/A,N/A,N/A,0.034,0.204,0.034,0.201,0.034,0.217,0.036,0.219,0.036,0.218,0.037,0.201,0.038,0.232,0.043,0.207,0.037,0.221,0.034,0.214
,,560,N/A,N/A,N/A,0.034,0.205,0.034,0.203,0.034,0.218,0.036,0.221,0.036,0.220,0.037,0.202,0.039,0.233,0.043,0.208,0.037,0.222,0.034,0.215
,,561,N/A,N/A,N/A,0.035,0.206,0.035,0.204,0.034,0.219,0.036,0.222,0.036,0.221,0.037,0.204,0.039,0.234,0.043,0.209,0.037,0.224,0.034,0.216
,,562,N/A,N/A,N/A,0.035,0.208,0.035,0.206,0.035,0.221,0.037,0.223,0.036,0.222,0.038,0.206,0.039,0.236,0.043,0.210,0.037,0.225,0.035,0.218
,,563,N/A,N/A,N/A,0.035,0.210,0.035,0.207,0.035,0.223,0.037,0.225,0.036,0.224,0.038,0.208,0.039,0.237,0.043,0.212,0.038,0.227,0.035,0.219
,,564,N/A,N/A,N/A,0.035,0.211,0.035,0.208,0.035,0.224,0.037,0.227,0.037,0.225,0.038,0.210,0.039,0.238,0.044,0.213,0.038,0.228,0.035,0.220
,,565,N/A,N/A,N/A,0.035,0.212,0.035,0.210,0.035,0.226,0.037,0.229,0.037,0.227,0.039,0.212,0.039,0.239,0.044,0.215,0.038,0.229,0.035,0.221
,,566,N/A,N/A,N/A,0.036,0.214,0.035,0.210,0.035,0.228,0.037,0.230,0.037,0.229,0.039,0.214,0.039,0.240,0.044,0.216,0.038,0.231,0.035,0.223
,,567,N/A,N/A,N/A,0.036,0.215,0.035,0.211,0.036,0.229,0.038,0.232,0.037,0.231,0.039,0.215,0.039,0.241,0.044,0.217,0.038,0.233,0.035,0.225
,,568,N/A,N/A,N/A,0.036,0.216,0.035,0.212,0.036,0.231,0.038,0.233,0.038,0.233,0.039,0.216,0.040,0.242,0.044,0.218,0.038,0.235,0.035,0.225
,,569,N/A,N/A,N/A,0.036,0.217,0.035,0.213,0.036,0.233,0.038,0.235,0.038,0.235,0.039,0.217,0.040,0.244,0.044,0.219,0.039,0.236,0.036,0.226
,,570,N/A,N/A,N/A,0.036,0.219,0.036,0.214,0.036,0.234,0.038,0.236,0.038,0.236,0.039,0.219,0.040,0.244,0.044,0.220,0.039,0.237,0.036,0.228
,,571,N/A,N/A,N/A,0.036,0.220,0.036,0.215,0.036,0.235,0.038,0.237,0.038,0.237,0.040,0.220,0.040,0.246,0.045,0.221,0.039,0.238,0.036,0.229
,,572,N/A,N/A,N/A,0.036,0.221,0.036,0.216,0.036,0.236,0.038,0.239,0.038,0.239,0.040,0.221,0.040,0.248,0.045,0.222,0.039,0.239,0.036,0.231
,,573,N/A,N/A,N/A,0.036,0.222,0.036,0.217,0.037,0.238,0.039,0.240,0.038,0.240,0.040,0.221,0.040,0.249,0.045,0.224,0.039,0.239,0.036,0.232
,,574,N/A,N/A,N/A,0.036,0.222,0.036,0.218,0.037,0.239,0.039,0.242,0.038,0.240,0.040,0.222,0.040,0.250,0.045,0.225,0.039,0.240,0.036,0.234
,,575,N/A,N/A,N/A,0.037,0.224,0.036,0.219,0.037,0.240,0.039,0.243,0.038,0.241,0.040,0.223,0.040,0.251,0.045,0.226,0.039,0.242,0.037,0.235
,,576,N/A,N/A,N/A,0.037,0.226,0.036,0.220,0.037,0.241,0.039,0.245,0.038,0.241,0.040,0.224,0.041,0.253,0.046,0.227,0.039,0.243,0.037,0.236
,,577,N/A,N/A,N/A,0.037,0.228,0.036,0.222,0.037,0.242,0.039,0.246,0.039,0.242,0.040,0.225,0.041,0.254,0.046,0.229,0.040,0.245,0.037,0.237
,,578,N/A,N/A,N/A,0.037,0.230,0.037,0.224,0.037,0.243,0.039,0.247,0.039,0.243,0.040,0.227,0.041,0.256,0.046,0.230,0.040,0.248,0.037,0.239
,,579,N/A,N/A,N/A,0.038,0.231,0.037,0.226,0.037,0.244,0.039,0.248,0.039,0.244,0.041,0.229,0.041,0.258,0.046,0.232,0.040,0.250,0.037,0.241
,,580,N/A,N/A,N/A,0.038,0.233,0.037,0.227,0.037,0.246,0.040,0.250,0.039,0.244,0.041,0.230,0.042,0.260,0.047,0.234,0.040,0.252,0.037,0.243
,,581,N/A,N/A,N/A,0.038,0.235,0.037,0.229,0.038,0.248,0.040,0.252,0.039,0.246,0.041,0.231,0.042,0.262,0.047,0.236,0.041,0.254,0.038,0.244
,,582,N/A,N/A,N/A,0.038,0.237,0.037,0.230,0.038,0.250,0.040,0.255,0.039,0.247,0.041,0.233,0.042,0.264,0.047,0.238,0.041,0.256,0.038,0.246
,,583,N/A,N/A,N/A,0.039,0.239,0.038,0.232,0.038,0.252,0.041,0.257,0.039,0.249,0.041,0.235,0.042,0.266,0.047,0.240,0.041,0.259,0.038,0.247
,,584,N/A,N/A,N/A,0.039,0.241,0.038,0.234,0.038,0.254,0.041,0.259,0.040,0.251,0.042,0.237,0.043,0.268,0.048,0.242,0.042,0.261,0.038,0.249
,,585,N/A,N/A,N/A,0.039,0.243,0.038,0.237,0.039,0.256,0.041,0.261,0.040,0.254,0.042,0.240,0.043,0.271,0.048,0.244,0.042,0.264,0.038,0.252
,,586,N/A,N/A,N/A,0.039,0.245,0.039,0.239,0.039,0.258,0.041,0.264,0.040,0.256,0.042,0.242,0.043,0.274,0.049,0.247,0.042,0.267,0.039,0.254
,,587,N/A,N/A,N/A,0.040,0.247,0.039,0.241,0.039,0.260,0.042,0.266,0.041,0.259,0.043,0.245,0.044,0.277,0.049,0.249,0.043,0.269,0.039,0.257
,,588,N/A,N/A,N/A,0.040,0.249,0.039,0.243,0.039,0.263,0.042,0.268,0.041,0.261,0.043,0.247,0.044,0.280,0.049,0.252,0.043,0.272,0.039,0.259
,,589,N/A,N/A,N/A,0.040,0.251,0.039,0.245,0.040,0.265,0.042,0.271,0.041,0.263,0.044,0.249,0.044,0.282,0.050,0.254,0.043,0.273,0.040,0.261
,,590,N/A,N/A,N/A,0.040,0.253,0.040,0.247,0.040,0.268,0.043,0.273,0.041,0.265,0.044,0.251,0.045,0.284,0.050,0.256,0.043,0.275,0.040,0.263
,,591,N/A,N/A,N/A,0.040,0.254,0.040,0.250,0.040,0.269,0.043,0.275,0.042,0.267,0.044,0.253,0.045,0.286,0.050,0.258,0.044,0.277,0.040,0.265
,,592,N/A,N/A,N/A,0.041,0.255,0.040,0.252,0.040,0.271,0.043,0.277,0.042,0.269,0.044,0.255,0.045,0.288,0.051,0.260,0.044,0.278,0.040,0.267
,,593,N/A,N/A,N/A,0.041,0.256,0.040,0.254,0.040,0.272,0.043,0.278,0.042,0.271,0.045,0.257,0.045,0.290,0.051,0.261,0.044,0.280,0.041,0.269
,,594,N/A,N/A,N/A,0.041,0.257,0.041,0.255,0.040,0.273,0.043,0.280,0.042,0.272,0.045,0.258,0.045,0.291,0.051,0.262,0.044,0.281,0.041,0.271
,,595,N/A,N/A,N/A,0.041,0.258,0.041,0.255,0.041,0.273,0.043,0.281,0.042,0.274,0.045,0.259,0.045,0.292,0.051,0.262,0.044,0.283,0.041,0.273
,,596,N/A,N/A,N/A,0.041,0.260,0.041,0.256,0.041,0.274,0.044,0.282,0.042,0.274,0.045,0.260,0.045,0.292,0.051,0.262,0.044,0.284,0.041,0.274
,,597,N/A,N/A,N/A,0.041,0.261,0.041,0.256,0.040,0.274,0.044,0.284,0.042,0.275,0.045,0.261,0.045,0.293,0.051,0.262,0.044,0.284,0.041,0.275
,,598,N/A,N/A,N/A,0.041,0.262,0.041,0.257,0.040,0.274,0.044,0.286,0.042,0.276,0.045,0.262,0.045,0.294,0.051,0.262,0.044,0.285,0.041,0.275
,,599,N/A,N/A,N/A,0.041,0.263,0.041,0.257,0.040,0.274,0.044,0.287,0.042,0.277,0.045,0.263,0.046,0.294,0.050,0.261,0.044,0.286,0.041,0.276
,,600,N/A,N/A,N/A,0.041,0.264,0.041,0.258,0.040,0.275,0.044,0.288,0.043,0.278,0.045,0.264,0.046,0.296,0.050,0.262,0.045,0.288,0.041,0.278
,,601,N/A,N/A,N/A,0.042,0.266,0.041,0.259,0.041,0.278,0.045,0.291,0.043,0.280,0.046,0.266,0.046,0.298,0.051,0.264,0.045,0.290,0.042,0.279
,,602,N/A,N/A,N/A,0.042,0.269,0.041,0.261,0.041,0.281,0.045,0.294,0.043,0.283,0.046,0.269,0.046,0.302,0.051,0.266,0.045,0.293,0.042,0.282
,,603,N/A,N/A,N/A,0.043,0.274,0.041,0.264,0.042,0.286,0.046,0.298,0.044,0.286,0.047,0.273,0.047,0.306,0.052,0.270,0.046,0.297,0.042,0.285
,,604,N/A,N/A,N/A,0.044,0.279,0.042,0.268,0.042,0.290,0.046,0.303,0.044,0.291,0.047,0.277,0.048,0.311,0.052,0.274,0.047,0.302,0.043,0.288
,,605,N/A,N/A,N/A,0.044,0.285,0.043,0.274,0.043,0.296,0.047,0.309,0.045,0.297,0.048,0.283,0.049,0.317,0.053,0.279,0.048,0.309,0.043,0.292
,,606,N/A,N/A,N/A,0.045,0.292,0.044,0.281,0.044,0.303,0.048,0.316,0.046,0.303,0.049,0.290,0.050,0.326,0.054,0.285,0.049,0.317,0.044,0.298
,,607,N/A,N/A,N/A,0.047,0.300,0.045,0.288,0.045,0.311,0.049,0.324,0.047,0.311,0.050,0.298,0.051,0.335,0.055,0.291,0.050,0.325,0.045,0.305
,,608,N/A,N/A,N/A,0.048,0.309,0.046,0.296,0.046,0.320,0.050,0.332,0.048,0.318,0.052,0.306,0.052,0.344,0.056,0.298,0.051,0.335,0.046,0.313
,,609,N/A,N/A,N/A,0.049,0.319,0.047,0.305,0.048,0.330,0.052,0.341,0.049,0.327,0.053,0.315,0.054,0.354,0.058,0.305,0.053,0.346,0.047,0.322
,,610,N/A,N/A,N/A,0.051,0.330,0.049,0.315,0.049,0.341,0.053,0.352,0.051,0.338,0.055,0.325,0.055,0.365,0.059,0.314,0.054,0.356,0.049,0.332
,,611,N/A,N/A,N/A,0.053,0.342,0.050,0.325,0.051,0.351,0.055,0.363,0.052,0.349,0.057,0.336,0.057,0.377,0.061,0.323,0.056,0.368,0.050,0.342
,,612,N/A,N/A,N/A,0.055,0.354,0.052,0.335,0.052,0.362,0.057,0.376,0.054,0.360,0.059,0.348,0.059,0.389,0.063,0.333,0.058,0.380,0.052,0.354
,,613,N/A,N/A,N/A,0.057,0.368,0.053,0.346,0.054,0.373,0.058,0.389,0.056,0.372,0.060,0.360,0.061,0.402,0.065,0.344,0.060,0.393,0.053,0.366
,,614,N/A,N/A,N/A,0.059,0.382,0.055,0.357,0.055,0.385,0.060,0.402,0.057,0.384,0.062,0.373,0.063,0.416,0.067,0.355,0.062,0.406,0.055,0.378
,,615,N/A,N/A,N/A,0.061,0.397,0.057,0.368,0.057,0.398,0.062,0.417,0.059,0.397,0.065,0.386,0.065,0.430,0.069,0.366,0.064,0.421,0.057,0.392
,,616,N/A,N/A,N/A,0.063,0.413,0.058,0.380,0.059,0.413,0.065,0.433,0.061,0.411,0.067,0.400,0.067,0.446,0.071,0.379,0.066,0.437,0.059,0.407
,,617,N/A,N/A,N/A,0.066,0.430,0.060,0.393,0.061,0.428,0.067,0.450,0.063,0.426,0.069,0.415,0.069,0.463,0.074,0.394,0.068,0.454,0.061,0.423
,,618,N/A,N/A,N/A,0.068,0.448,0.062,0.407,0.063,0.445,0.070,0.469,0.066,0.442,0.072,0.432,0.072,0.480,0.076,0.409,0.071,0.471,0.064,0.439
,,619,N/A,N/A,N/A,0.071,0.467,0.065,0.422,0.066,0.462,0.073,0.489,0.068,0.460,0.075,0.451,0.075,0.499,0.079,0.426,0.074,0.490,0.066,0.457
,,620,N/A,N/A,N/A,0.074,0.487,0.067,0.438,0.068,0.481,0.076,0.510,0.071,0.479,0.078,0.471,0.078,0.520,0.083,0.444,0.077,0.511,0.069,0.476
,,621,N/A,N/A,N/A,0.077,0.510,0.070,0.456,0.071,0.502,0.079,0.532,0.074,0.499,0.082,0.492,0.081,0.544,0.086,0.464,0.080,0.534,0.071,0.496
,,622,N/A,N/A,N/A,0.081,0.536,0.073,0.477,0.074,0.525,0.082,0.556,0.077,0.521,0.085,0.515,0.085,0.570,0.090,0.485,0.084,0.558,0.074,0.518
,,623,N/A,N/A,N/A,0.085,0.562,0.076,0.498,0.078,0.549,0.086,0.582,0.080,0.545,0.089,0.540,0.089,0.598,0.094,0.506,0.087,0.584,0.078,0.542
,,624,N/A,N/A,N/A,0.089,0.590,0.079,0.521,0.081,0.576,0.090,0.610,0.084,0.570,0.093,0.567,0.093,0.627,0.098,0.529,0.092,0.614,0.081,0.568
,,625,N/A,N/A,N/A,0.093,0.621,0.083,0.546,0.085,0.604,0.094,0.640,0.088,0.597,0.098,0.595,0.098,0.659,0.102,0.553,0.096,0.645,0.085,0.596
,,626,N/A,N/A,N/A,0.098,0.654,0.087,0.573,0.089,0.635,0.099,0.673,0.092,0.626,0.103,0.626,0.102,0.693,0.107,0.579,0.101,0.679,0.089,0.626
,,627,N/A,N/A,N/A,0.104,0.691,0.091,0.604,0.094,0.669,0.104,0.708,0.096,0.658,0.108,0.660,0.108,0.730,0.112,0.608,0.106,0.715,0.094,0.659
,,628,N/A,N/A,N/A,0.110,0.732,0.096,0.637,0.099,0.707,0.109,0.747,0.101,0.693,0.114,0.697,0.114,0.771,0.118,0.640,0.112,0.755,0.099,0.696
,,629,N/A,N/A,N/A,0.116,0.776,0.102,0.675,0.105,0.749,0.116,0.789,0.107,0.734,0.121,0.737,0.120,0.817,0.124,0.676,0.118,0.799,0.105,0.739
,,630,N/A,N/A,N/A,0.123,0.826,0.108,0.718,0.112,0.797,0.122,0.838,0.114,0.780,0.128,0.782,0.127,0.867,0.131,0.715,0.125,0.849,0.112,0.786
,,631,N/A,N/A,N/A,0.132,0.884,0.115,0.766,0.119,0.849,0.130,0.892,0.121,0.832,0.136,0.831,0.135,0.923,0.139,0.758,0.133,0.905,0.119,0.838
,,632,N/A,N/A,N/A,0.141,0.949,0.123,0.821,0.127,0.909,0.139,0.955,0.129,0.889,0.144,0.887,0.144,0.985,0.147,0.806,0.143,0.968,0.127,0.899
,,633,N/A,N/A,N/A,0.152,1.022,0.132,0.883,0.136,0.978,0.149,1.027,0.138,0.954,0.155,0.951,0.154,1.055,0.157,0.861,0.153,1.039,0.137,0.968
,,634,N/A,N/A,N/A,0.164,1.106,0.143,0.955,0.147,1.057,0.161,1.109,0.149,1.028,0.166,1.024,0.166,1.135,0.168,0.923,0.164,1.119,0.147,1.046
,,635,N/A,N/A,N/A,0.178,1.203,0.155,1.039,0.160,1.148,0.175,1.204,0.161,1.115,0.179,1.107,0.179,1.227,0.181,0.994,0.177,1.210,0.160,1.134
,,636,N/A,N/A,N/A,0.194,1.314,0.169,1.134,0.174,1.253,0.190,1.312,0.176,1.216,0.195,1.202,0.194,1.333,0.195,1.076,0.192,1.314,0.174,1.238
,,637,N/A,N/A,N/A,0.213,1.439,0.185,1.242,0.190,1.373,0.207,1.435,0.192,1.332,0.212,1.310,0.211,1.454,0.212,1.168,0.209,1.434,0.190,1.357
,,638,N/A,N/A,N/A,0.233,1.580,0.203,1.364,0.209,1.510,0.227,1.574,0.211,1.464,0.231,1.432,0.231,1.593,0.230,1.273,0.229,1.570,0.209,1.493
,,639,N/A,N/A,N/A,0.256,1.740,0.223,1.504,0.230,1.665,0.250,1.732,0.232,1.612,0.253,1.571,0.253,1.749,0.251,1.392,0.251,1.723,0.230,1.646
,,640,N/A,N/A,N/A,0.282,1.921,0.246,1.660,0.253,1.837,0.275,1.909,0.255,1.776,0.278,1.726,0.278,1.923,0.275,1.526,0.275,1.893,0.254,1.815
,,641,N/A,N/A,N/A,0.311,2.120,0.271,1.834,0.279,2.028,0.303,2.106,0.281,1.959,0.305,1.901,0.306,2.118,0.302,1.676,0.302,2.082,0.279,2.003
,,642,N/A,N/A,N/A,0.343,2.339,0.299,2.025,0.307,2.238,0.333,2.322,0.309,2.161,0.336,2.094,0.336,2.332,0.331,1.842,0.332,2.290,0.308,2.210
,,643,N/A,N/A,N/A,0.377,2.578,0.329,2.233,0.339,2.468,0.366,2.557,0.341,2.383,0.369,2.305,0.370,2.568,0.364,2.025,0.365,2.521,0.339,2.435
,,644,N/A,N/A,N/A,0.415,2.837,0.361,2.458,0.372,2.716,0.402,2.810,0.375,2.625,0.405,2.535,0.406,2.823,0.399,2.224,0.401,2.772,0.372,2.678
,,645,N/A,N/A,N/A,0.455,3.115,0.396,2.700,0.408,2.982,0.440,3.084,0.411,2.886,0.444,2.782,0.445,3.099,0.437,2.440,0.439,3.042,0.408,2.941
,,646,N/A,N/A,N/A,0.498,3.416,0.434,2.961,0.446,3.269,0.481,3.378,0.450,3.166,0.486,3.049,0.487,3.396,0.477,2.672,0.480,3.334,0.446,3.225
,,647,N/A,N/A,N/A,0.544,3.740,0.474,3.241,0.488,3.580,0.525,3.692,0.492,3.463,0.531,3.335,0.532,3.716,0.521,2.921,0.525,3.648,0.488,3.529
,,648,N/A,N/A,N/A,0.594,4.087,0.518,3.546,0.533,3.914,0.573,4.030,0.536,3.782,0.578,3.642,0.580,4.058,0.568,3.189,0.572,3.984,0.532,3.855
,,649,N/A,N/A,N/A,0.646,4.454,0.565,3.873,0.580,4.268,0.623,4.388,0.584,4.122,0.629,3.967,0.630,4.417,0.618,3.474,0.622,4.338,0.579,4.202
,,650,N/A,N/A,N/A,0.700,4.832,0.615,4.219,0.630,4.641,0.674,4.761,0.634,4.482,0.682,4.306,0.682,4.791,0.669,3.770,0.674,4.708,0.628,4.566
,,651,N/A,N/A,N/A,0.754,5.214,0.666,4.578,0.682,5.031,0.727,5.144,0.686,4.857,0.735,4.652,0.736,5.174,0.722,4.073,0.728,5.090,0.679,4.945
,,652,N/A,N/A,N/A,0.807,5.592,0.719,4.948,0.735,5.432,0.781,5.528,0.738,5.239,0.789,4.997,0.789,5.558,0.775,4.379,0.781,5.471,0.731,5.333
,,653,N/A,N/A,N/A,0.858,5.950,0.771,5.319,0.788,5.834,0.832,5.901,0.791,5.619,0.840,5.328,0.841,5.929,0.827,4.677,0.832,5.839,0.783,5.722
,,654,N/A,N/A,N/A,0.904,6.278,0.824,5.688,0.840,6.228,0.880,6.254,0.842,5.990,0.887,5.639,0.888,6.275,0.875,4.960,0.880,6.185,0.835,6.106
,,655,N/A,N/A,N/A,0.943,6.561,0.873,6.038,0.888,6.594,0.923,6.568,0.889,6.335,0.929,5.914,0.930,6.581,0.919,5.212,0.922,6.491,0.883,6.466
,,656,N/A,N/A,N/A,0.973,6.782,0.917,6.352,0.930,6.918,0.958,6.828,0.930,6.639,0.963,6.141,0.964,6.830,0.954,5.424,0.957,6.747,0.925,6.785
,,657,N/A,N/A,N/A,0.993,6.929,0.954,6.616,0.964,7.182,0.984,7.020,0.964,6.888,0.987,6.303,0.988,7.009,0.981,5.583,0.983,6.939,0.959,7.049
,,658,N/A,N/A,N/A,1.000,6.991,0.981,6.815,0.988,7.370,0.998,7.133,0.987,7.069,1.000,6.391,1.000,7.107,0.997,5.681,0.998,7.054,0.984,7.245
,,659,N/A,N/A,N/A,0.995,6.963,0.997,6.935,1.000,7.472,1.000,7.158,1.000,7.169,1.000,6.404,1.000,7.117,1.000,5.709,1.000,7.081,0.998,7.358
,,660,N/A,N/A,N/A,0.976,6.847,1.000,6.969,1.000,7.481,0.989,7.092,1.000,7.181,0.988,6.338,0.987,7.038,0.991,5.665,0.989,7.017,1.000,7.382
,,661,N/A,N/A,N/A,0.947,6.647,0.991,6.915,0.987,7.397,0.967,6.940,0.988,7.103,0.964,6.191,0.962,6.871,0.970,5.552,0.967,6.865,0.989,7.313
,,662,N/A,N/A,N/A,0.906,6.372,0.969,6.776,0.962,7.222,0.933,6.708,0.963,6.938,0.928,5.971,0.926,6.624,0.937,5.374,0.933,6.634,0.966,7.155
,,663,N/A,N/A,N/A,0.857,6.034,0.937,6.558,0.926,6.963,0.889,6.400,0.928,6.692,0.883,5.687,0.880,6.304,0.894,5.133,0.889,6.331,0.932,6.913
,,664,N/A,N/A,N/A,0.800,5.643,0.894,6.266,0.880,6.626,0.836,6.030,0.882,6.373,0.829,5.351,0.826,5.925,0.842,4.842,0.837,5.971,0.888,6.594
,,665,N/A,N/A,N/A,0.738,5.211,0.841,5.907,0.825,6.222,0.777,5.610,0.828,5.991,0.770,4.973,0.766,5.500,0.783,4.509,0.778,5.561,0.834,6.205
,,666,N/A,N/A,N/A,0.673,4.759,0.782,5.498,0.764,5.771,0.713,5.159,0.768,5.563,0.706,4.568,0.702,5.047,0.720,4.151,0.716,5.120,0.774,5.768
,,667,N/A,N/A,N/A,0.607,4.304,0.718,5.056,0.700,5.291,0.648,4.694,0.704,5.106,0.640,4.150,0.636,4.582,0.654,3.782,0.651,4.664,0.710,5.299
,,668,N/A,N/A,N/A,0.544,3.857,0.652,4.598,0.634,4.798,0.583,4.229,0.638,4.636,0.575,3.734,0.571,4.120,0.589,3.409,0.586,4.204,0.644,4.815
,,669,N/A,N/A,N/A,0.483,3.430,0.586,4.140,0.568,4.309,0.520,3.778,0.573,4.168,0.513,3.333,0.508,3.673,0.526,3.046,0.522,3.755,0.579,4.330
,,670,N/A,N/A,N/A,0.425,3.028,0.522,3.692,0.505,3.838,0.460,3.350,0.509,3.713,0.453,2.951,0.449,3.250,0.465,2.701,0.462,3.328,0.515,3.859
,,671,N/A,N/A,N/A,0.372,2.654,0.461,3.267,0.446,3.394,0.405,2.950,0.450,3.283,0.398,2.593,0.394,2.857,0.409,2.378,0.407,2.932,0.455,3.413
,,672,N/A,N/A,N/A,0.324,2.312,0.405,2.871,0.391,2.977,0.353,2.579,0.394,2.882,0.347,2.265,0.344,2.495,0.357,2.081,0.356,2.567,0.399,2.998
,,673,N/A,N/A,N/A,0.280,2.002,0.353,2.505,0.340,2.593,0.306,2.239,0.343,2.514,0.301,1.967,0.298,2.166,0.310,1.809,0.309,2.234,0.348,2.616
,,674,N/A,N/A,N/A,0.241,1.723,0.305,2.172,0.294,2.244,0.264,1.933,0.297,2.180,0.260,1.700,0.257,1.871,0.268,1.566,0.267,1.934,0.301,2.268
,,675,N/A,N/A,N/A,0.206,1.478,0.263,1.873,0.252,1.932,0.227,1.663,0.256,1.881,0.223,1.463,0.221,1.609,0.231,1.350,0.230,1.666,0.259,1.957
,,676,N/A,N/A,N/A,0.176,1.267,0.225,1.609,0.216,1.659,0.194,1.428,0.220,1.617,0.191,1.253,0.189,1.381,0.198,1.161,0.197,1.429,0.222,1.682
,,677,N/A,N/A,N/A,0.151,1.084,0.193,1.379,0.185,1.422,0.167,1.224,0.188,1.387,0.163,1.072,0.162,1.184,0.170,0.996,0.168,1.225,0.191,1.443
,,678,N/A,N/A,N/A,0.129,0.928,0.165,1.182,0.158,1.218,0.143,1.051,0.161,1.190,0.140,0.920,0.139,1.016,0.145,0.854,0.144,1.051,0.163,1.237
,,679,N/A,N/A,N/A,0.110,0.797,0.142,1.015,0.136,1.045,0.122,0.903,0.138,1.022,0.120,0.792,0.119,0.874,0.125,0.734,0.124,0.904,0.140,1.063
,,680,N/A,N/A,N/A,0.095,0.687,0.122,0.874,0.117,0.899,0.105,0.778,0.119,0.881,0.104,0.685,0.103,0.756,0.108,0.635,0.107,0.780,0.120,0.915
,,681,N/A,N/A,N/A,0.082,0.596,0.105,0.756,0.101,0.777,0.091,0.676,0.103,0.764,0.090,0.596,0.089,0.656,0.093,0.551,0.093,0.678,0.104,0.791
,,682,N/A,N/A,N/A,0.072,0.522,0.091,0.658,0.087,0.676,0.080,0.591,0.090,0.666,0.079,0.522,0.078,0.574,0.081,0.481,0.081,0.594,0.090,0.688
,,683,N/A,N/A,N/A,0.064,0.462,0.080,0.578,0.077,0.595,0.070,0.522,0.079,0.586,0.069,0.461,0.069,0.508,0.072,0.424,0.072,0.525,0.079,0.604
,,684,N/A,N/A,N/A,0.057,0.414,0.071,0.511,0.068,0.530,0.063,0.465,0.070,0.520,0.062,0.410,0.061,0.454,0.064,0.378,0.064,0.468,0.070,0.534
,,685,N/A,N/A,N/A,0.051,0.374,0.063,0.457,0.061,0.476,0.056,0.419,0.063,0.467,0.055,0.369,0.055,0.410,0.057,0.340,0.057,0.421,0.062,0.478
,,686,N/A,N/A,N/A,0.047,0.341,0.057,0.413,0.055,0.431,0.051,0.381,0.057,0.423,0.050,0.336,0.050,0.373,0.052,0.308,0.052,0.383,0.056,0.432
,,687,N/A,N/A,N/A,0.043,0.314,0.052,0.377,0.051,0.395,0.047,0.351,0.052,0.387,0.046,0.310,0.046,0.343,0.047,0.283,0.048,0.352,0.052,0.396
,,688,N/A,N/A,N/A,0.040,0.293,0.048,0.347,0.047,0.364,0.043,0.325,0.048,0.357,0.043,0.289,0.043,0.319,0.044,0.262,0.044,0.326,0.048,0.366
,,689,N/A,N/A,N/A,0.038,0.275,0.044,0.322,0.043,0.339,0.041,0.303,0.044,0.332,0.040,0.271,0.040,0.300,0.041,0.246,0.041,0.305,0.044,0.342
,,690,N/A,N/A,N/A,0.036,0.261,0.041,0.302,0.041,0.319,0.038,0.287,0.041,0.311,0.038,0.256,0.038,0.284,0.039,0.233,0.039,0.288,0.042,0.321
,,691,N/A,N/A,N/A,0.034,0.249,0.039,0.285,0.039,0.304,0.036,0.273,0.039,0.293,0.036,0.244,0.036,0.270,0.037,0.221,0.037,0.274,0.039,0.303
,,692,N/A,N/A,N/A,0.033,0.239,0.037,0.271,0.037,0.289,0.035,0.260,0.037,0.278,0.035,0.233,0.035,0.258,0.035,0.212,0.035,0.262,0.037,0.287
,,693,N/A,N/A,N/A,0.031,0.231,0.035,0.259,0.035,0.276,0.033,0.249,0.035,0.265,0.033,0.224,0.033,0.248,0.034,0.203,0.034,0.251,0.035,0.274
,,694,N/A,N/A,N/A,0.030,0.224,0.034,0.247,0.033,0.263,0.032,0.239,0.034,0.253,0.032,0.215,0.032,0.238,0.033,0.195,0.032,0.240,0.034,0.261
,,695,N/A,N/A,N/A,0.029,0.216,0.032,0.236,0.032,0.250,0.030,0.230,0.032,0.242,0.031,0.208,0.030,0.229,0.031,0.188,0.031,0.231,0.032,0.250
,,696,N/A,N/A,N/A,0.028,0.209,0.031,0.226,0.030,0.239,0.029,0.220,0.031,0.231,0.030,0.200,0.029,0.221,0.030,0.181,0.030,0.223,0.031,0.239
,,697,N/A,N/A,N/A,0.027,0.202,0.029,0.216,0.029,0.228,0.028,0.211,0.029,0.221,0.028,0.193,0.028,0.213,0.029,0.175,0.029,0.215,0.029,0.229
,,698,N/A,N/A,N/A,0.026,0.194,0.028,0.206,0.028,0.218,0.027,0.202,0.028,0.212,0.027,0.185,0.027,0.205,0.028,0.169,0.028,0.206,0.028,0.220
,,699,N/A,N/A,N/A,0.025,0.186,0.027,0.197,0.026,0.208,0.026,0.194,0.027,0.202,0.026,0.178,0.026,0.197,0.027,0.162,0.026,0.198,0.027,0.210
,,700,N/A,N/A,N/A,0.024,0.178,0.026,0.189,0.025,0.198,0.024,0.186,0.025,0.192,0.025,0.171,0.025,0.188,0.026,0.155,0.025,0.189,0.026,0.202
,,701,N/A,N/A,N/A,0.023,0.170,0.024,0.181,0.024,0.188,0.023,0.178,0.024,0.183,0.024,0.163,0.024,0.180,0.024,0.148,0.024,0.180,0.025,0.193
,,702,N/A,N/A,N/A,0.022,0.162,0.023,0.172,0.022,0.177,0.022,0.170,0.023,0.173,0.023,0.155,0.023,0.171,0.023,0.141,0.023,0.171,0.024,0.185
,,703,N/A,N/A,N/A,0.021,0.153,0.022,0.163,0.021,0.168,0.021,0.161,0.021,0.164,0.022,0.147,0.022,0.163,0.022,0.135,0.022,0.163,0.022,0.176
,,704,N/A,N/A,N/A,0.019,0.145,0.021,0.154,0.020,0.160,0.020,0.153,0.020,0.156,0.020,0.140,0.021,0.156,0.021,0.129,0.021,0.156,0.021,0.168
,,705,N/A,N/A,N/A,0.018,0.137,0.020,0.146,0.019,0.152,0.019,0.146,0.019,0.148,0.019,0.133,0.020,0.149,0.020,0.123,0.020,0.149,0.020,0.160
,,706,N/A,N/A,N/A,0.017,0.129,0.019,0.139,0.018,0.144,0.018,0.140,0.018,0.141,0.019,0.127,0.019,0.142,0.019,0.117,0.019,0.142,0.019,0.152
,,707,N/A,N/A,N/A,0.016,0.123,0.018,0.133,0.017,0.136,0.017,0.133,0.017,0.134,0.018,0.122,0.018,0.136,0.018,0.112,0.018,0.135,0.018,0.143
,,708,N/A,N/A,N/A,0.016,0.117,0.017,0.127,0.016,0.129,0.017,0.127,0.016,0.127,0.017,0.117,0.017,0.130,0.017,0.106,0.017,0.129,0.017,0.135
,,709,N/A,N/A,N/A,0.015,0.112,0.016,0.122,0.015,0.122,0.016,0.120,0.016,0.121,0.016,0.112,0.016,0.125,0.017,0.101,0.016,0.123,0.016,0.129
,,710,N/A,N/A,N/A,0.014,0.107,0.015,0.116,0.014,0.115,0.015,0.114,0.015,0.115,0.015,0.107,0.016,0.119,0.016,0.097,0.015,0.118,0.015,0.122
,,711,N/A,N/A,N/A,0.013,0.102,0.015,0.110,0.014,0.109,0.014,0.108,0.014,0.109,0.015,0.101,0.015,0.113,0.015,0.093,0.015,0.113,0.015,0.116
,,712,N/A,N/A,N/A,0.013,0.097,0.014,0.104,0.013,0.104,0.013,0.102,0.013,0.103,0.014,0.096,0.014,0.108,0.014,0.089,0.014,0.107,0.014,0.111
,,713,N/A,N/A,N/A,0.012,0.092,0.013,0.099,0.012,0.099,0.013,0.097,0.013,0.099,0.013,0.092,0.013,0.103,0.014,0.085,0.013,0.102,0.013,0.105
,,714,N/A,N/A,N/A,0.012,0.088,0.013,0.095,0.012,0.094,0.012,0.092,0.012,0.095,0.013,0.088,0.013,0.099,0.013,0.081,0.013,0.097,0.012,0.100
,,715,N/A,N/A,N/A,0.011,0.084,0.012,0.091,0.011,0.089,0.011,0.088,0.012,0.091,0.012,0.085,0.012,0.094,0.012,0.077,0.012,0.092,0.012,0.094
,,716,N/A,N/A,N/A,0.010,0.080,0.012,0.087,0.010,0.084,0.011,0.083,0.011,0.086,0.012,0.081,0.012,0.090,0.012,0.074,0.011,0.087,0.011,0.090
,,717,N/A,N/A,N/A,0.010,0.076,0.011,0.083,0.010,0.080,0.010,0.080,0.010,0.082,0.011,0.078,0.011,0.086,0.011,0.071,0.011,0.083,0.011,0.086
,,718,N/A,N/A,N/A,0.010,0.073,0.010,0.079,0.009,0.076,0.010,0.077,0.010,0.077,0.011,0.075,0.011,0.083,0.011,0.068,0.010,0.079,0.010,0.083
,,719,N/A,N/A,N/A,0.009,0.070,0.010,0.076,0.009,0.072,0.010,0.075,0.009,0.074,0.010,0.071,0.010,0.079,0.011,0.066,0.010,0.076,0.010,0.079
,,720,N/A,N/A,N/A,0.009,0.068,0.010,0.074,0.009,0.069,0.009,0.073,0.009,0.072,0.010,0.068,0.010,0.077,0.010,0.065,0.010,0.074,0.009,0.076
,,721,N/A,N/A,N/A,0.009,0.066,0.009,0.072,0.008,0.067,0.009,0.072,0.009,0.070,0.009,0.065,0.010,0.074,0.010,0.063,0.009,0.072,0.009,0.073
,,722,N/A,N/A,N/A,0.008,0.064,0.009,0.070,0.008,0.065,0.009,0.070,0.009,0.067,0.009,0.064,0.009,0.072,0.010,0.061,0.009,0.071,0.009,0.070
,,723,N/A,N/A,N/A,0.008,0.062,0.009,0.068,0.008,0.063,0.009,0.069,0.008,0.066,0.009,0.062,0.009,0.070,0.009,0.059,0.009,0.070,0.008,0.067
,,724,N/A,N/A,N/A,0.008,0.061,0.009,0.066,0.007,0.061,0.009,0.068,0.008,0.064,0.009,0.062,0.009,0.068,0.009,0.058,0.009,0.070,0.008,0.064
,,725,N/A,N/A,N/A,0.008,0.060,0.008,0.064,0.007,0.060,0.009,0.067,0.008,0.062,0.009,0.061,0.009,0.067,0.009,0.056,0.009,0.069,0.008,0.061
,,726,N/A,N/A,N/A,0.008,0.059,0.008,0.063,0.007,0.060,0.008,0.067,0.008,0.061,0.008,0.060,0.008,0.066,0.009,0.055,0.009,0.068,0.007,0.059
,,727,N/A,N/A,N/A,0.008,0.059,0.008,0.061,0.007,0.059,0.008,0.066,0.008,0.060,0.008,0.059,0.008,0.065,0.009,0.054,0.009,0.067,0.007,0.058
,,728,N/A,N/A,N/A,0.008,0.058,0.008,0.061,0.007,0.058,0.008,0.065,0.008,0.060,0.008,0.058,0.008,0.064,0.008,0.053,0.009,0.067,0.007,0.058
,,729,N/A,N/A,N/A,0.007,0.057,0.008,0.060,0.007,0.058,0.008,0.064,0.007,0.059,0.008,0.057,0.008,0.064,0.008,0.052,0.008,0.066,0.007,0.057
,,730,N/A,N/A,N/A,0.007,0.056,0.008,0.060,0.007,0.057,0.008,0.063,0.007,0.058,0.008,0.056,0.008,0.063,0.008,0.050,0.008,0.066,0.007,0.057
,,731,N/A,N/A,N/A,0.007,0.055,0.008,0.059,0.007,0.057,0.008,0.063,0.007,0.057,0.008,0.056,0.008,0.061,0.008,0.048,0.008,0.065,0.007,0.057
,,732,N/A,N/A,N/A,0.007,0.054,0.008,0.058,0.007,0.058,0.008,0.063,0.007,0.056,0.008,0.055,0.008,0.061,0.007,0.047,0.008,0.064,0.007,0.057
,,733,N/A,N/A,N/A,0.007,0.053,0.007,0.058,0.007,0.058,0.008,0.063,0.007,0.056,0.008,0.054,0.008,0.060,0.007,0.046,0.008,0.063,0.007,0.057
,,734,N/A,N/A,N/A,0.007,0.052,0.007,0.058,0.007,0.058,0.008,0.062,0.007,0.055,0.007,0.053,0.008,0.060,0.007,0.045,0.008,0.062,0.007,0.056
,,735,N/A,N/A,N/A,0.007,0.051,0.007,0.057,0.007,0.057,0.008,0.061,0.007,0.055,0.007,0.053,0.008,0.060,0.007,0.044,0.008,0.061,0.007,0.056
,,736,N/A,N/A,N/A,0.006,0.051,0.007,0.057,0.007,0.056,0.008,0.060,0.007,0.054,0.007,0.052,0.008,0.060,0.007,0.043,0.008,0.061,0.007,0.056
,,737,N/A,N/A,N/A,0.006,0.050,0.007,0.056,0.007,0.055,0.007,0.059,0.007,0.053,0.007,0.052,0.007,0.059,0.007,0.042,0.008,0.061,0.007,0.056
,,738,N/A,N/A,N/A,0.006,0.048,0.007,0.055,0.006,0.054,0.007,0.058,0.006,0.052,0.007,0.051,0.007,0.059,0.007,0.042,0.008,0.061,0.007,0.054
,,739,N/A,N/A,N/A,0.006,0.048,0.007,0.055,0.006,0.054,0.007,0.057,0.006,0.051,0.007,0.050,0.007,0.059,0.006,0.041,0.008,0.061,0.006,0.053
,,740,N/A,N/A,N/A,0.006,0.047,0.007,0.054,0.006,0.054,0.007,0.056,0.006,0.050,0.007,0.050,0.007,0.058,0.006,0.041,0.008,0.060,0.006,0.052
,,741,N/A,N/A,N/A,0.006,0.046,0.007,0.053,0.006,0.054,0.007,0.054,0.006,0.049,0.007,0.049,0.007,0.058,0.006,0.040,0.007,0.059,0.006,0.051
,,742,N/A,N/A,N/A,0.006,0.044,0.007,0.053,0.006,0.053,0.006,0.052,0.006,0.049,0.007,0.049,0.007,0.058,0.006,0.039,0.007,0.057,0.006,0.050
,,743,N/A,N/A,N/A,0.005,0.043,0.007,0.052,0.006,0.051,0.006,0.051,0.006,0.048,0.007,0.049,0.007,0.057,0.006,0.039,0.007,0.056,0.006,0.048
,,744,N/A,N/A,N/A,0.005,0.042,0.007,0.051,0.006,0.050,0.006,0.049,0.006,0.046,0.007,0.049,0.007,0.056,0.006,0.038,0.007,0.055,0.006,0.047
,,745,N/A,N/A,N/A,0.005,0.040,0.006,0.051,0.006,0.049,0.006,0.048,0.006,0.045,0.007,0.049,0.007,0.053,0.006,0.037,0.007,0.055,0.005,0.046
,,746,N/A,N/A,N/A,0.005,0.038,0.006,0.051,0.006,0.048,0.006,0.047,0.006,0.045,0.007,0.048,0.006,0.051,0.006,0.036,0.007,0.054,0.005,0.045
,,747,N/A,N/A,N/A,0.005,0.037,0.006,0.051,0.006,0.047,0.006,0.045,0.006,0.045,0.007,0.047,0.006,0.049,0.005,0.035,0.007,0.053,0.005,0.044
,,748,N/A,N/A,N/A,0.005,0.036,0.006,0.050,0.005,0.046,0.005,0.045,0.006,0.045,0.006,0.047,0.006,0.047,0.005,0.035,0.006,0.051,0.005,0.044
,,749,N/A,N/A,N/A,0.004,0.035,0.006,0.050,0.005,0.046,0.005,0.044,0.005,0.045,0.006,0.046,0.006,0.045,0.005,0.035,0.006,0.050,0.005,0.044
,,750,N/A,N/A,N/A,0.004,0.033,0.006,0.048,0.005,0.045,0.005,0.043,0.005,0.045,0.006,0.046,0.005,0.043,0.005,0.034,0.006,0.049,0.005,0.043
,,751,N/A,N/A,N/A,0.004,0.031,0.006,0.047,0.005,0.044,0.005,0.043,0.006,0.045,0.006,0.046,0.005,0.042,0.005,0.034,0.006,0.048,0.005,0.043
,,752,N/A,N/A,N/A,0.004,0.030,0.006,0.046,0.005,0.042,0.005,0.042,0.006,0.045,0.006,0.046,0.005,0.041,0.005,0.033,0.006,0.047,0.005,0.042
,,753,N/A,N/A,N/A,0.004,0.030,0.006,0.045,0.005,0.040,0.005,0.041,0.005,0.044,0.006,0.046,0.005,0.040,0.005,0.033,0.006,0.045,0.005,0.041
,,754,N/A,N/A,N/A,0.004,0.029,0.005,0.043,0.005,0.039,0.005,0.040,0.005,0.044,0.006,0.046,0.005,0.039,0.005,0.032,0.005,0.044,0.005,0.040
,,755,N/A,N/A,N/A,0.004,0.029,0.005,0.040,0.004,0.038,0.005,0.038,0.005,0.043,0.006,0.045,0.005,0.039,0.005,0.032,0.005,0.043,0.005,0.039
,,756,N/A,N/A,N/A,0.004,0.029,0.005,0.038,0.004,0.038,0.005,0.038,0.005,0.043,0.006,0.045,0.005,0.039,0.005,0.031,0.005,0.043,0.004,0.038
,,757,N/A,N/A,N/A,0.004,0.029,0.005,0.036,0.004,0.037,0.005,0.038,0.005,0.042,0.006,0.044,0.005,0.039,0.005,0.031,0.005,0.042,0.004,0.037
,,758,N/A,N/A,N/A,0.003,0.028,0.004,0.035,0.004,0.038,0.005,0.037,0.005,0.040,0.006,0.044,0.005,0.039,0.005,0.032,0.005,0.042,0.004,0.037
,,759,N/A,N/A,N/A,0.003,0.028,0.004,0.034,0.004,0.037,0.004,0.037,0.005,0.039,0.006,0.044,0.005,0.039,0.005,0.032,0.005,0.041,0.004,0.036
,,760,N/A,N/A,N/A,0.003,0.028,0.004,0.035,0.004,0.037,0.004,0.036,0.005,0.038,0.006,0.043,0.005,0.038,0.005,0.032,0.005,0.041,0.004,0.035
,,761,N/A,N/A,N/A,0.003,0.028,0.004,0.035,0.004,0.036,0.004,0.034,0.004,0.036,0.006,0.043,0.005,0.038,0.005,0.031,0.005,0.040,0.004,0.035
,,762,N/A,N/A,N/A,0.003,0.028,0.004,0.035,0.004,0.036,0.004,0.032,0.004,0.034,0.006,0.042,0.005,0.039,0.005,0.031,0.005,0.039,0.004,0.035
,,763,N/A,N/A,N/A,0.003,0.028,0.004,0.034,0.004,0.035,0.004,0.032,0.004,0.034,0.005,0.040,0.005,0.038,0.005,0.031,0.005,0.038,0.004,0.035
,,764,N/A,N/A,N/A,0.003,0.028,0.004,0.033,0.004,0.036,0.004,0.031,0.004,0.034,0.005,0.038,0.005,0.037,0.005,0.031,0.005,0.039,0.004,0.035
,,765,N/A,N/A,N/A,0.003,0.028,0.004,0.034,0.004,0.037,0.004,0.030,0.004,0.034,0.005,0.037,0.004,0.036,0.005,0.031,0.005,0.039,0.004,0.035
,,766,N/A,N/A,N/A,0.003,0.028,0.004,0.034,0.004,0.038,0.004,0.030,0.004,0.034,0.005,0.036,0.004,0.035,0.005,0.030,0.005,0.040,0.004,0.035
,,767,N/A,N/A,N/A,0.003,0.028,0.004,0.035,0.004,0.038,0.003,0.028,0.004,0.033,0.005,0.034,0.004,0.034,0.004,0.029,0.005,0.040,0.004,0.035
,,768,N/A,N/A,N/A,0.003,0.028,0.004,0.036,0.004,0.037,0.003,0.027,0.004,0.032,0.004,0.033,0.004,0.033,0.004,0.029,0.005,0.040,0.004,0.035
,,769,N/A,N/A,N/A,0.003,0.027,0.004,0.036,0.004,0.036,0.003,0.026,0.004,0.030,0.004,0.034,0.004,0.032,0.004,0.029,0.005,0.039,0.004,0.035
,,770,N/A,N/A,N/A,0.003,0.026,0.004,0.036,0.004,0.035,0.003,0.025,0.003,0.028,0.005,0.034,0.004,0.032,0.004,0.029,0.005,0.040,0.004,0.035
,,771,N/A,N/A,N/A,0.003,0.025,0.005,0.037,0.004,0.034,0.003,0.024,0.003,0.027,0.005,0.035,0.004,0.031,0.004,0.030,0.005,0.041,0.004,0.034
,,772,N/A,N/A,N/A,0.003,0.024,0.005,0.037,0.004,0.033,0.003,0.023,0.003,0.026,0.005,0.034,0.004,0.029,0.004,0.030,0.005,0.041,0.004,0.034
,,773,N/A,N/A,N/A,0.003,0.023,0.005,0.038,0.004,0.033,0.003,0.023,0.003,0.024,0.004,0.034,0.003,0.027,0.004,0.029,0.005,0.042,0.004,0.034
,,774,N/A,N/A,N/A,0.003,0.021,0.005,0.039,0.004,0.032,0.002,0.021,0.003,0.022,0.004,0.034,0.003,0.025,0.004,0.029,0.005,0.042,0.004,0.033
,,775,N/A,N/A,N/A,0.002,0.020,0.005,0.040,0.004,0.031,0.002,0.019,0.002,0.020,0.005,0.034,0.003,0.024,0.004,0.029,0.005,0.041,0.004,0.032
,,776,N/A,N/A,N/A,0.002,0.013,0.005,0.044,0.003,0.026,0.002,0.014,0.002,0.017,0.005,0.035,0.002,0.020,0.004,0.029,0.005,0.040,0.004,0.032
,,777,N/A,N/A,N/A,0.001,0.011,0.005,0.042,0.003,0.026,0.002,0.013,0.002,0.015,0.004,0.033,0.002,0.018,0.004,0.026,0.004,0.037,0.004,0.033
,,778,N/A,N/A,N/A,0.001,0.010,0.005,0.041,0.003,0.026,0.001,0.011,0.002,0.015,0.004,0.032,0.002,0.018,0.004,0.025,0.004,0.035,0.004,0.033
,,779,N/A,N/A,N/A,0.001,0.010,0.005,0.042,0.003,0.024,0.001,0.008,0.002,0.016,0.004,0.033,0.002,0.020,0.004,0.026,0.004,0.033,0.004,0.032
,,780,N/A,N/A,N/A,0.001,0.011,0.005,0.042,0.003,0.024,0.001,0.007,0.002,0.017,0.004,0.033,0.003,0.021,0.004,0.027,0.004,0.033,0.003,0.030
,,PPFD (400 - 700 nm),313.97,294.95,251.00,N/A,294.68,N/A,290.85,N/A,313.97,N/A,306.98,N/A,305.54,N/A,268.37,N/A,298.16,N/A,251.00,N/A,306.74,N/A,313.18
,,PPFD FR (701 - 780 nm),5.5156,5.0343,4.3119,N/A,4.5054,N/A,5.2953,N/A,5.1583,N/A,5.0085,N/A,5.0122,N/A,4.9919,N/A,5.2503,N/A,4.3119,N/A,5.5156,N/A,5.2932
,,PPFD R (600 - 700 nm),208.92,195.14,162.24,N/A,194.55,N/A,194.25,N/A,208.92,N/A,201.33,N/A,201.94,N/A,180.69,N/A,200.52,N/A,162.24,N/A,199.88,N/A,207.04
,,PPFD G (500 - 599 nm),20.671,19.259,18.166,N/A,18.468,N/A,18.166,N/A,19.554,N/A,19.908,N/A,19.611,N/A,18.306,N/A,20.671,N/A,18.609,N/A,20.091,N/A,19.209
,,PPFD B (400 - 499 nm),86.944,80.561,69.373,N/A,81.672,N/A,78.439,N/A,85.512,N/A,85.751,N/A,83.995,N/A,69.373,N/A,76.982,N/A,70.163,N/A,86.775,N/A,86.944
,,PPFD UV (380 - 399 nm),0.2776,0.2345,0.1883,N/A,0.2776,N/A,0.2552,N/A,0.2219,N/A,0.2413,N/A,0.1883,N/A,0.2246,N/A,0.2457,N/A,0.1976,N/A,0.2605,N/A,0.2320
,,YPFD (400 - 700 nm),274.02,257.53,218.87,N/A,257.37,N/A,253.88,N/A,274.02,N/A,267.78,N/A,266.48,N/A,235.22,N/A,261.34,N/A,218.87,N/A,267.33,N/A,272.96
,,YPFD (380 - 780 nm),275.24,258.73,219.90,N/A,258.53,N/A,255.13,N/A,275.24,N/A,269.01,N/A,267.67,N/A,236.36,N/A,262.60,N/A,219.90,N/A,268.61,N/A,274.24
,,YPFD FR (701 - 780 nm),1.1376,1.0633,0.9096,N/A,1.0025,N/A,1.0904,N/A,1.0913,N/A,1.0836,N/A,1.0809,N/A,1.0058,N/A,1.1142,N/A,0.9096,N/A,1.1169,N/A,1.1376
,,YPFD R (600 - 700 nm),194.04,181.45,151.00,N/A,181.17,N/A,180.32,N/A,194.04,N/A,187.33,N/A,187.58,N/A,168.18,N/A,186.65,N/A,151.00,N/A,185.97,N/A,192.25
,,YPFD G (500 - 599 nm),18.275,17.021,16.044,N/A,16.317,N/A,16.044,N/A,17.281,N/A,17.593,N/A,17.329,N/A,16.188,N/A,18.275,N/A,16.450,N/A,17.751,N/A,16.979
,,YPFD B (400 - 499 nm),63.755,59.077,50.867,N/A,59.903,N/A,57.543,N/A,62.716,N/A,62.879,N/A,61.600,N/A,50.867,N/A,56.436,N/A,51.439,N/A,63.633,N/A,63.755
,,YPFD UV (380 - 399 nm),0.1635,0.1385,0.1098,N/A,0.1635,N/A,0.1500,N/A,0.1318,N/A,0.1433,N/A,0.1098,N/A,0.1334,N/A,0.1449,N/A,0.1163,N/A,0.1543,N/A,0.1377
,,R/B,2.60,2.43,2.30,N/A,2.38,N/A,2.48,N/A,2.44,N/A,2.35,N/A,2.40,N/A,2.60,N/A,2.60,N/A,2.31,N/A,2.30,N/A,2.38
,,R/FR,43.18,38.82,36.20,N/A,43.18,N/A,36.68,N/A,40.50,N/A,40.20,N/A,40.29,N/A,36.20,N/A,38.19,N/A,37.62,N/A,36.24,N/A,39.12
,,DLI,27.127,25.483,21.686,N/A,25.460,N/A,25.129,N/A,27.127,N/A,26.523,N/A,26.399,N/A,23.187,N/A,25.761,N/A,21.686,N/A,26.502,N/A,27.059
,,Illuminance,5976,5686,5162,N/A,5651,N/A,5402,N/A,5862,N/A,5932,N/A,5788,N/A,5338,N/A,5976,N/A,5162,N/A,5954,N/A,5798
,,Î»p (380~780 nm),660,659,658,N/A,658,N/A,660,N/A,659,N/A,659,N/A,660,N/A,659,N/A,658,N/A,659,N/A,659,N/A,660
,,Î»D (380~780 nm),0,0,0,N/A,0,N/A,0,N/A,0,N/A,0,N/A,0,N/A,0,N/A,0,N/A,0,N/A,0,N/A,0
,,CCT,0,0,0,N/A,0,N/A,0,N/A,0,N/A,0,N/A,0,N/A,0,N/A,0,N/A,0,N/A,0,N/A,0
,,CRI (Ra),0,0,0,N/A,0,N/A,0,N/A,0,N/A,0,N/A,0,N/A,0,N/A,0,N/A,0,N/A,0,N/A,0
,,Ref.,N/A,N/A,N/A,N/A,McCREEs ACTION SPECTRUM,N/A,McCREEs ACTION SPECTRUM,N/A,McCREEs ACTION SPECTRUM,N/A,McCREEs ACTION SPECTRUM,N/A,McCREEs ACTION SPECTRUM,N/A,McCREEs ACTION SPECTRUM,N/A,McCREEs ACTION SPECTRUM,N/A,McCREEs ACTION SPECTRUM,N/A,McCREEs ACTION SPECTRUM,N/A,McCREEs ACTION SPECTRUM
