Item,Value,Parameters,Max,Avg,Min,Test 1 - raw,Test 1 - ppfd,Test 2 - raw,Test 2 - ppfd,Test 3 - raw,Test 3 - ppfd,Test 4 - raw,Test 4 - ppfd,Test 5 - raw,Test 5 - ppfd,Test 6 - raw,Test 6 - ppfd,Test 7 - raw,Test 7 - ppfd,Test 8 - raw,Test 8 - ppfd,Test 9 - raw,Test 9 - ppfd,Test 10 - raw,Test 10 - ppfd,Test 11 - raw,Test 11 - ppfd,Test 12 - raw,Test 12 - ppfd,Test 13 - raw,Test 13 - ppfd,Test 14 - raw,Test 14 - ppfd,Test 15 - raw,Test 15 - ppfd,Test 16 - raw,Test 16 - ppfd,Test 17 - raw,Test 17 - ppfd,Test 18 - raw,Test 18 - ppfd
Measurement Time,02/27/2019 13:13:35,380,N/A,N/A,N/A,0.003,0.009,0.001,0.004,0.002,0.009,0.002,0.009,0.002,0.009,0.002,0.007,0.000,0.001,0.001,0.005,0.000,0.001,0.002,0.011,0.002,0.008,0.003,0.012,0.002,0.008,0.002,0.008,0.002,0.007,0.003,0.003,0.003,0.013,0.002,0.007
Product Name*,204,381,N/A,N/A,N/A,0.003,0.008,0.001,0.005,0.002,0.009,0.002,0.009,0.002,0.009,0.002,0.007,0.001,0.002,0.001,0.005,0.001,0.002,0.002,0.012,0.002,0.009,0.003,0.011,0.002,0.007,0.002,0.008,0.001,0.006,0.002,0.003,0.002,0.012,0.002,0.008
Manufacturer,,382,N/A,N/A,N/A,0.002,0.007,0.001,0.006,0.002,0.009,0.002,0.009,0.002,0.010,0.002,0.007,0.001,0.004,0.001,0.005,0.001,0.003,0.002,0.012,0.003,0.010,0.003,0.011,0.002,0.007,0.002,0.009,0.002,0.007,0.002,0.003,0.002,0.012,0.002,0.009
Plant Name,,383,N/A,N/A,N/A,0.002,0.007,0.002,0.006,0.002,0.008,0.002,0.009,0.002,0.010,0.002,0.007,0.001,0.004,0.001,0.004,0.001,0.005,0.002,0.012,0.003,0.011,0.002,0.010,0.002,0.007,0.002,0.009,0.002,0.007,0.002,0.002,0.002,0.012,0.002,0.009
User,,384,N/A,N/A,N/A,0.002,0.006,0.002,0.006,0.002,0.008,0.002,0.010,0.002,0.010,0.002,0.007,0.001,0.004,0.001,0.004,0.001,0.005,0.002,0.012,0.003,0.012,0.002,0.009,0.002,0.007,0.002,0.008,0.002,0.008,0.002,0.002,0.002,0.012,0.002,0.008
Temperature(â„ƒ),22.69,385,N/A,N/A,N/A,0.002,0.007,0.002,0.008,0.002,0.009,0.002,0.011,0.002,0.010,0.003,0.008,0.001,0.004,0.001,0.006,0.002,0.006,0.003,0.013,0.003,0.011,0.003,0.011,0.002,0.008,0.002,0.008,0.002,0.009,0.002,0.002,0.003,0.012,0.002,0.009
Humidity(%),45.03,386,N/A,N/A,N/A,0.002,0.007,0.002,0.008,0.002,0.009,0.003,0.011,0.002,0.010,0.003,0.008,0.001,0.005,0.001,0.006,0.002,0.007,0.003,0.013,0.003,0.011,0.003,0.011,0.002,0.008,0.002,0.008,0.002,0.009,0.002,0.002,0.003,0.012,0.002,0.010
Distance to Light Source(m),,387,N/A,N/A,N/A,0.002,0.007,0.002,0.009,0.002,0.009,0.003,0.011,0.002,0.011,0.003,0.008,0.002,0.005,0.001,0.007,0.002,0.007,0.003,0.014,0.003,0.012,0.003,0.011,0.002,0.008,0.002,0.009,0.002,0.010,0.002,0.002,0.003,0.013,0.002,0.010
Lamp warm-up period(min),,388,N/A,N/A,N/A,0.002,0.007,0.002,0.010,0.002,0.009,0.002,0.011,0.002,0.011,0.003,0.008,0.002,0.005,0.001,0.007,0.002,0.008,0.003,0.014,0.003,0.011,0.003,0.011,0.002,0.009,0.002,0.009,0.003,0.011,0.002,0.002,0.003,0.013,0.002,0.010
Height of Plant(mm),,389,N/A,N/A,N/A,0.002,0.007,0.003,0.010,0.002,0.009,0.002,0.011,0.002,0.011,0.003,0.008,0.002,0.006,0.002,0.008,0.002,0.008,0.003,0.014,0.003,0.011,0.003,0.012,0.003,0.009,0.002,0.009,0.003,0.012,0.002,0.002,0.003,0.014,0.002,0.010
Note,"",390,N/A,N/A,N/A,0.002,0.008,0.003,0.011,0.002,0.009,0.002,0.010,0.002,0.011,0.003,0.008,0.002,0.006,0.002,0.008,0.002,0.008,0.003,0.014,0.003,0.011,0.003,0.013,0.003,0.009,0.002,0.010,0.003,0.013,0.002,0.003,0.003,0.015,0.002,0.011
,,391,N/A,N/A,N/A,0.002,0.008,0.003,0.011,0.002,0.010,0.002,0.011,0.002,0.011,0.003,0.008,0.002,0.007,0.002,0.009,0.002,0.008,0.003,0.014,0.003,0.012,0.003,0.014,0.003,0.009,0.003,0.011,0.003,0.013,0.002,0.003,0.003,0.015,0.002,0.011
,,392,N/A,N/A,N/A,0.002,0.008,0.003,0.011,0.002,0.010,0.003,0.011,0.002,0.010,0.003,0.008,0.002,0.007,0.002,0.009,0.002,0.009,0.003,0.015,0.003,0.012,0.003,0.014,0.003,0.009,0.003,0.011,0.003,0.013,0.003,0.003,0.003,0.015,0.002,0.011
,,393,N/A,N/A,N/A,0.002,0.008,0.003,0.012,0.002,0.010,0.003,0.011,0.002,0.010,0.003,0.008,0.002,0.007,0.002,0.009,0.002,0.009,0.003,0.015,0.003,0.012,0.003,0.015,0.003,0.009,0.003,0.011,0.003,0.014,0.003,0.003,0.003,0.015,0.003,0.012
,,394,N/A,N/A,N/A,0.002,0.008,0.003,0.012,0.002,0.011,0.003,0.011,0.002,0.011,0.003,0.008,0.002,0.008,0.002,0.010,0.003,0.009,0.003,0.016,0.003,0.012,0.003,0.015,0.003,0.010,0.003,0.012,0.003,0.015,0.003,0.003,0.003,0.015,0.003,0.012
,,395,N/A,N/A,N/A,0.002,0.008,0.003,0.012,0.002,0.011,0.003,0.011,0.003,0.011,0.003,0.008,0.002,0.008,0.002,0.011,0.003,0.010,0.003,0.016,0.003,0.012,0.003,0.015,0.003,0.010,0.003,0.012,0.004,0.016,0.003,0.003,0.003,0.015,0.003,0.012
,,396,N/A,N/A,N/A,0.002,0.008,0.003,0.012,0.002,0.011,0.003,0.011,0.003,0.012,0.003,0.009,0.002,0.008,0.002,0.011,0.003,0.010,0.003,0.016,0.003,0.012,0.003,0.014,0.003,0.011,0.003,0.013,0.004,0.017,0.003,0.003,0.003,0.015,0.003,0.012
,,397,N/A,N/A,N/A,0.002,0.008,0.003,0.012,0.002,0.012,0.003,0.012,0.003,0.012,0.003,0.009,0.003,0.009,0.002,0.012,0.003,0.011,0.003,0.016,0.003,0.013,0.003,0.014,0.003,0.011,0.003,0.014,0.004,0.017,0.003,0.003,0.003,0.015,0.003,0.013
,,398,N/A,N/A,N/A,0.003,0.009,0.003,0.012,0.002,0.012,0.003,0.012,0.003,0.013,0.003,0.009,0.003,0.009,0.002,0.012,0.003,0.011,0.003,0.016,0.003,0.013,0.003,0.014,0.003,0.012,0.004,0.014,0.004,0.017,0.003,0.003,0.003,0.015,0.003,0.013
,,399,N/A,N/A,N/A,0.003,0.009,0.003,0.012,0.002,0.012,0.003,0.013,0.003,0.013,0.003,0.010,0.003,0.009,0.003,0.013,0.003,0.012,0.003,0.017,0.003,0.013,0.003,0.014,0.003,0.012,0.004,0.015,0.004,0.017,0.003,0.004,0.003,0.014,0.003,0.014
,,400,N/A,N/A,N/A,0.003,0.009,0.003,0.013,0.002,0.012,0.003,0.014,0.003,0.013,0.003,0.010,0.003,0.010,0.003,0.013,0.003,0.012,0.003,0.017,0.004,0.014,0.003,0.014,0.004,0.013,0.004,0.015,0.004,0.017,0.003,0.004,0.003,0.014,0.003,0.014
,,401,N/A,N/A,N/A,0.003,0.009,0.003,0.013,0.002,0.012,0.003,0.014,0.003,0.014,0.003,0.010,0.003,0.010,0.003,0.013,0.003,0.012,0.003,0.018,0.004,0.014,0.003,0.014,0.004,0.013,0.004,0.015,0.004,0.017,0.003,0.004,0.003,0.014,0.003,0.015
,,402,N/A,N/A,N/A,0.003,0.010,0.003,0.014,0.002,0.012,0.003,0.015,0.003,0.015,0.003,0.010,0.003,0.010,0.003,0.014,0.003,0.012,0.003,0.018,0.004,0.014,0.003,0.014,0.004,0.014,0.004,0.015,0.004,0.016,0.003,0.004,0.003,0.014,0.003,0.015
,,403,N/A,N/A,N/A,0.003,0.010,0.003,0.014,0.003,0.013,0.003,0.015,0.003,0.016,0.003,0.010,0.003,0.011,0.003,0.014,0.003,0.013,0.003,0.018,0.004,0.014,0.003,0.014,0.004,0.014,0.004,0.016,0.004,0.017,0.003,0.004,0.003,0.015,0.003,0.015
,,404,N/A,N/A,N/A,0.003,0.011,0.004,0.014,0.003,0.013,0.004,0.016,0.004,0.017,0.003,0.011,0.003,0.011,0.003,0.015,0.004,0.013,0.003,0.018,0.004,0.015,0.003,0.014,0.004,0.014,0.004,0.015,0.004,0.017,0.003,0.004,0.003,0.015,0.003,0.015
,,405,N/A,N/A,N/A,0.003,0.011,0.004,0.015,0.003,0.014,0.004,0.016,0.004,0.017,0.003,0.011,0.003,0.012,0.003,0.015,0.004,0.014,0.003,0.018,0.004,0.015,0.003,0.015,0.004,0.014,0.004,0.016,0.004,0.017,0.003,0.004,0.003,0.016,0.003,0.016
,,406,N/A,N/A,N/A,0.003,0.011,0.004,0.016,0.003,0.015,0.004,0.017,0.004,0.018,0.003,0.011,0.004,0.013,0.003,0.015,0.004,0.014,0.003,0.019,0.004,0.016,0.004,0.016,0.004,0.014,0.004,0.016,0.004,0.017,0.003,0.004,0.003,0.017,0.004,0.017
,,407,N/A,N/A,N/A,0.003,0.012,0.004,0.017,0.003,0.015,0.004,0.017,0.004,0.019,0.004,0.012,0.004,0.013,0.003,0.016,0.004,0.015,0.003,0.019,0.004,0.017,0.004,0.017,0.004,0.015,0.004,0.017,0.004,0.018,0.004,0.004,0.003,0.018,0.004,0.017
,,408,N/A,N/A,N/A,0.003,0.012,0.004,0.018,0.003,0.016,0.004,0.018,0.004,0.019,0.004,0.012,0.004,0.014,0.003,0.016,0.004,0.015,0.004,0.020,0.004,0.018,0.004,0.018,0.004,0.015,0.004,0.017,0.004,0.018,0.004,0.005,0.004,0.019,0.004,0.018
,,409,N/A,N/A,N/A,0.004,0.013,0.005,0.019,0.004,0.018,0.004,0.019,0.004,0.021,0.004,0.012,0.004,0.014,0.003,0.017,0.004,0.016,0.004,0.022,0.005,0.019,0.004,0.019,0.004,0.016,0.004,0.018,0.004,0.019,0.004,0.005,0.004,0.020,0.004,0.019
,,410,N/A,N/A,N/A,0.004,0.013,0.005,0.019,0.004,0.020,0.004,0.020,0.005,0.022,0.004,0.013,0.004,0.015,0.004,0.018,0.004,0.017,0.004,0.023,0.005,0.019,0.004,0.020,0.005,0.017,0.004,0.019,0.004,0.020,0.004,0.005,0.004,0.022,0.004,0.020
,,411,N/A,N/A,N/A,0.004,0.014,0.005,0.020,0.004,0.022,0.005,0.021,0.005,0.023,0.004,0.014,0.005,0.017,0.004,0.019,0.005,0.018,0.004,0.025,0.005,0.021,0.005,0.021,0.005,0.018,0.005,0.020,0.005,0.021,0.004,0.005,0.005,0.024,0.004,0.021
,,412,N/A,N/A,N/A,0.004,0.015,0.005,0.021,0.005,0.025,0.005,0.023,0.005,0.025,0.005,0.015,0.005,0.018,0.004,0.021,0.005,0.019,0.005,0.027,0.005,0.022,0.005,0.023,0.005,0.018,0.005,0.021,0.005,0.023,0.004,0.005,0.005,0.026,0.005,0.023
,,413,N/A,N/A,N/A,0.005,0.016,0.005,0.023,0.005,0.027,0.005,0.025,0.006,0.028,0.005,0.017,0.006,0.020,0.005,0.024,0.005,0.021,0.005,0.029,0.006,0.024,0.006,0.025,0.005,0.020,0.005,0.023,0.005,0.025,0.005,0.006,0.005,0.028,0.005,0.025
,,414,N/A,N/A,N/A,0.005,0.018,0.006,0.025,0.006,0.030,0.006,0.028,0.006,0.031,0.006,0.019,0.006,0.022,0.005,0.027,0.006,0.023,0.006,0.033,0.007,0.027,0.006,0.027,0.006,0.022,0.006,0.025,0.006,0.028,0.005,0.007,0.006,0.031,0.006,0.028
,,415,N/A,N/A,N/A,0.006,0.020,0.007,0.028,0.007,0.034,0.007,0.031,0.007,0.034,0.006,0.021,0.007,0.024,0.006,0.031,0.007,0.025,0.006,0.037,0.007,0.029,0.007,0.030,0.006,0.024,0.007,0.028,0.007,0.031,0.006,0.007,0.007,0.035,0.006,0.031
,,416,N/A,N/A,N/A,0.007,0.023,0.008,0.031,0.007,0.039,0.008,0.035,0.008,0.038,0.007,0.023,0.007,0.027,0.007,0.035,0.007,0.028,0.007,0.042,0.008,0.033,0.007,0.033,0.007,0.027,0.007,0.032,0.007,0.035,0.007,0.008,0.007,0.039,0.007,0.035
,,417,N/A,N/A,N/A,0.008,0.027,0.008,0.035,0.008,0.044,0.009,0.040,0.009,0.042,0.008,0.027,0.008,0.030,0.008,0.041,0.008,0.032,0.008,0.048,0.009,0.037,0.008,0.037,0.008,0.031,0.008,0.036,0.008,0.039,0.008,0.009,0.008,0.045,0.008,0.040
,,418,N/A,N/A,N/A,0.009,0.031,0.010,0.040,0.010,0.051,0.010,0.045,0.010,0.048,0.009,0.031,0.010,0.035,0.009,0.047,0.010,0.037,0.010,0.056,0.010,0.042,0.009,0.043,0.009,0.035,0.009,0.041,0.010,0.045,0.009,0.011,0.010,0.051,0.009,0.046
,,419,N/A,N/A,N/A,0.010,0.036,0.011,0.046,0.011,0.058,0.011,0.052,0.011,0.054,0.011,0.035,0.011,0.040,0.011,0.055,0.011,0.043,0.011,0.065,0.012,0.047,0.011,0.049,0.011,0.040,0.011,0.047,0.011,0.051,0.010,0.012,0.011,0.059,0.011,0.052
,,420,N/A,N/A,N/A,0.011,0.041,0.013,0.053,0.013,0.067,0.013,0.060,0.013,0.062,0.012,0.040,0.013,0.046,0.012,0.064,0.013,0.049,0.013,0.075,0.013,0.054,0.013,0.057,0.012,0.046,0.012,0.054,0.013,0.059,0.011,0.014,0.013,0.068,0.012,0.060
,,421,N/A,N/A,N/A,0.013,0.048,0.015,0.062,0.015,0.077,0.015,0.070,0.015,0.071,0.014,0.047,0.015,0.053,0.014,0.075,0.015,0.057,0.015,0.087,0.015,0.063,0.015,0.067,0.014,0.052,0.014,0.062,0.015,0.069,0.013,0.016,0.015,0.078,0.014,0.070
,,422,N/A,N/A,N/A,0.015,0.056,0.017,0.072,0.017,0.089,0.017,0.081,0.017,0.082,0.016,0.054,0.017,0.061,0.016,0.087,0.017,0.066,0.017,0.101,0.018,0.072,0.017,0.078,0.016,0.060,0.017,0.072,0.017,0.081,0.015,0.019,0.017,0.091,0.017,0.082
,,423,N/A,N/A,N/A,0.018,0.065,0.020,0.083,0.020,0.103,0.020,0.093,0.019,0.094,0.018,0.062,0.019,0.070,0.019,0.101,0.020,0.077,0.020,0.117,0.020,0.084,0.020,0.091,0.018,0.070,0.019,0.084,0.020,0.093,0.017,0.022,0.020,0.105,0.019,0.095
,,424,N/A,N/A,N/A,0.021,0.075,0.022,0.096,0.023,0.120,0.023,0.107,0.022,0.109,0.021,0.071,0.022,0.082,0.022,0.117,0.023,0.089,0.023,0.136,0.023,0.097,0.023,0.105,0.021,0.081,0.022,0.097,0.023,0.108,0.020,0.026,0.023,0.121,0.022,0.110
,,425,N/A,N/A,N/A,0.024,0.088,0.026,0.111,0.026,0.139,0.026,0.124,0.026,0.127,0.024,0.083,0.026,0.095,0.026,0.136,0.026,0.104,0.027,0.158,0.027,0.112,0.026,0.122,0.024,0.094,0.026,0.113,0.026,0.125,0.023,0.030,0.026,0.141,0.026,0.128
,,426,N/A,N/A,N/A,0.028,0.102,0.030,0.128,0.031,0.163,0.031,0.145,0.030,0.148,0.028,0.096,0.030,0.110,0.030,0.158,0.030,0.120,0.032,0.184,0.031,0.130,0.031,0.142,0.028,0.109,0.030,0.131,0.030,0.145,0.027,0.034,0.030,0.165,0.030,0.148
,,427,N/A,N/A,N/A,0.032,0.119,0.035,0.150,0.036,0.191,0.036,0.169,0.035,0.173,0.033,0.113,0.035,0.128,0.035,0.185,0.035,0.140,0.037,0.216,0.036,0.152,0.036,0.167,0.033,0.127,0.035,0.154,0.035,0.170,0.031,0.040,0.035,0.192,0.035,0.173
,,428,N/A,N/A,N/A,0.038,0.139,0.041,0.176,0.042,0.223,0.042,0.198,0.041,0.202,0.039,0.132,0.041,0.150,0.040,0.216,0.041,0.164,0.043,0.252,0.042,0.176,0.042,0.195,0.038,0.148,0.041,0.179,0.041,0.198,0.036,0.047,0.041,0.224,0.041,0.203
,,429,N/A,N/A,N/A,0.044,0.162,0.048,0.205,0.049,0.261,0.049,0.231,0.048,0.236,0.045,0.154,0.047,0.175,0.047,0.253,0.048,0.192,0.050,0.295,0.049,0.205,0.049,0.228,0.044,0.173,0.047,0.210,0.048,0.232,0.042,0.055,0.048,0.262,0.048,0.237
,,430,N/A,N/A,N/A,0.052,0.191,0.055,0.240,0.057,0.305,0.057,0.270,0.056,0.276,0.052,0.180,0.055,0.204,0.055,0.297,0.056,0.224,0.059,0.345,0.057,0.239,0.057,0.267,0.052,0.202,0.055,0.245,0.056,0.272,0.049,0.064,0.056,0.307,0.055,0.277
,,431,N/A,N/A,N/A,0.060,0.223,0.064,0.280,0.066,0.357,0.066,0.314,0.065,0.322,0.061,0.210,0.065,0.239,0.064,0.346,0.065,0.261,0.068,0.403,0.066,0.278,0.066,0.311,0.060,0.236,0.064,0.285,0.066,0.319,0.057,0.074,0.065,0.358,0.065,0.323
,,432,N/A,N/A,N/A,0.070,0.261,0.075,0.326,0.077,0.416,0.077,0.366,0.076,0.375,0.071,0.245,0.075,0.279,0.075,0.403,0.076,0.304,0.079,0.469,0.076,0.323,0.077,0.362,0.070,0.276,0.074,0.332,0.077,0.372,0.067,0.087,0.076,0.416,0.075,0.378
,,433,N/A,N/A,N/A,0.082,0.304,0.087,0.380,0.089,0.484,0.089,0.426,0.088,0.437,0.083,0.286,0.087,0.324,0.087,0.469,0.088,0.353,0.092,0.544,0.088,0.375,0.089,0.421,0.082,0.321,0.086,0.386,0.089,0.432,0.077,0.101,0.088,0.484,0.087,0.440
,,434,N/A,N/A,N/A,0.095,0.352,0.101,0.442,0.103,0.561,0.103,0.495,0.102,0.507,0.096,0.333,0.101,0.376,0.100,0.545,0.102,0.410,0.106,0.631,0.102,0.435,0.104,0.488,0.095,0.373,0.100,0.447,0.103,0.501,0.090,0.117,0.102,0.562,0.101,0.512
,,435,N/A,N/A,N/A,0.109,0.408,0.117,0.512,0.119,0.649,0.119,0.573,0.118,0.586,0.111,0.385,0.116,0.435,0.115,0.629,0.118,0.474,0.123,0.729,0.118,0.503,0.120,0.565,0.109,0.431,0.115,0.517,0.119,0.580,0.103,0.135,0.118,0.649,0.117,0.591
,,436,N/A,N/A,N/A,0.126,0.471,0.134,0.589,0.137,0.747,0.137,0.660,0.135,0.674,0.127,0.444,0.134,0.500,0.132,0.723,0.135,0.546,0.141,0.838,0.136,0.579,0.137,0.650,0.126,0.497,0.132,0.594,0.136,0.668,0.119,0.156,0.135,0.746,0.134,0.680
,,437,N/A,N/A,N/A,0.144,0.541,0.154,0.676,0.156,0.855,0.157,0.757,0.154,0.772,0.146,0.509,0.153,0.574,0.151,0.829,0.155,0.626,0.161,0.959,0.155,0.664,0.157,0.745,0.144,0.570,0.151,0.681,0.156,0.768,0.136,0.178,0.154,0.854,0.153,0.779
,,438,N/A,N/A,N/A,0.165,0.619,0.175,0.772,0.178,0.976,0.179,0.865,0.176,0.881,0.166,0.580,0.174,0.655,0.172,0.947,0.176,0.716,0.183,1.095,0.177,0.759,0.179,0.851,0.164,0.652,0.172,0.778,0.178,0.878,0.154,0.204,0.176,0.975,0.175,0.889
,,439,N/A,N/A,N/A,0.187,0.706,0.199,0.879,0.202,1.112,0.203,0.985,0.200,1.004,0.188,0.660,0.198,0.746,0.196,1.077,0.201,0.817,0.208,1.247,0.201,0.865,0.203,0.970,0.187,0.744,0.196,0.886,0.203,1.001,0.176,0.232,0.200,1.110,0.198,1.013
,,440,N/A,N/A,N/A,0.212,0.802,0.225,0.997,0.229,1.259,0.230,1.117,0.226,1.140,0.213,0.749,0.224,0.846,0.221,1.220,0.227,0.926,0.235,1.411,0.228,0.982,0.230,1.099,0.211,0.844,0.221,1.006,0.229,1.136,0.199,0.263,0.225,1.257,0.225,1.149
,,441,N/A,N/A,N/A,0.240,0.909,0.254,1.130,0.258,1.425,0.259,1.264,0.256,1.292,0.241,0.849,0.253,0.959,0.250,1.381,0.257,1.049,0.265,1.596,0.257,1.111,0.260,1.243,0.239,0.956,0.250,1.139,0.259,1.286,0.225,0.299,0.254,1.421,0.254,1.302
,,442,N/A,N/A,N/A,0.270,1.026,0.287,1.275,0.291,1.606,0.292,1.426,0.288,1.458,0.271,0.959,0.285,1.081,0.281,1.557,0.289,1.184,0.298,1.797,0.290,1.253,0.292,1.402,0.269,1.080,0.282,1.285,0.292,1.450,0.254,0.337,0.286,1.601,0.286,1.469
,,443,N/A,N/A,N/A,0.303,1.152,0.321,1.432,0.325,1.801,0.327,1.600,0.323,1.636,0.304,1.077,0.319,1.213,0.315,1.746,0.323,1.328,0.332,2.012,0.324,1.405,0.327,1.571,0.302,1.212,0.315,1.442,0.326,1.626,0.284,0.379,0.320,1.796,0.320,1.648
,,444,N/A,N/A,N/A,0.338,1.288,0.358,1.600,0.362,2.010,0.364,1.786,0.359,1.827,0.339,1.203,0.356,1.356,0.351,1.950,0.360,1.484,0.370,2.246,0.361,1.568,0.363,1.753,0.336,1.354,0.352,1.612,0.364,1.816,0.317,0.424,0.356,2.006,0.356,1.840
,,445,N/A,N/A,N/A,0.376,1.435,0.397,1.780,0.402,2.236,0.404,1.985,0.399,2.032,0.376,1.338,0.395,1.512,0.389,2.171,0.400,1.652,0.411,2.499,0.401,1.745,0.403,1.950,0.373,1.507,0.391,1.797,0.404,2.021,0.353,0.472,0.396,2.231,0.396,2.047
,,446,N/A,N/A,N/A,0.414,1.586,0.438,1.966,0.442,2.468,0.444,2.189,0.439,2.243,0.415,1.478,0.436,1.671,0.429,2.397,0.441,1.824,0.453,2.759,0.441,1.926,0.444,2.152,0.412,1.665,0.431,1.986,0.445,2.232,0.389,0.522,0.436,2.462,0.436,2.260
,,447,N/A,N/A,N/A,0.452,1.737,0.478,2.152,0.483,2.701,0.484,2.393,0.479,2.454,0.453,1.617,0.477,1.830,0.468,2.624,0.482,1.996,0.495,3.020,0.482,2.107,0.485,2.355,0.450,1.823,0.471,2.175,0.486,2.443,0.425,0.572,0.475,2.694,0.476,2.474
,,448,N/A,N/A,N/A,0.490,1.885,0.518,2.335,0.523,2.929,0.524,2.594,0.519,2.661,0.490,1.754,0.516,1.985,0.507,2.845,0.521,2.165,0.535,3.276,0.521,2.285,0.525,2.555,0.487,1.978,0.510,2.358,0.526,2.649,0.461,0.621,0.514,2.921,0.516,2.685
,,449,N/A,N/A,N/A,0.525,2.023,0.554,2.505,0.560,3.144,0.561,2.783,0.555,2.856,0.525,1.883,0.552,2.130,0.543,3.053,0.558,2.323,0.573,3.515,0.558,2.452,0.562,2.742,0.521,2.122,0.546,2.531,0.563,2.842,0.494,0.667,0.551,3.135,0.552,2.884
,,450,N/A,N/A,N/A,0.555,2.145,0.586,2.656,0.593,3.337,0.593,2.952,0.588,3.031,0.556,1.998,0.585,2.260,0.575,3.239,0.591,2.466,0.606,3.728,0.590,2.601,0.595,2.910,0.552,2.251,0.578,2.684,0.595,3.013,0.523,0.708,0.583,3.326,0.585,3.061
,,451,N/A,N/A,N/A,0.580,2.246,0.612,2.780,0.620,3.497,0.620,3.092,0.615,3.176,0.581,2.095,0.611,2.368,0.600,3.392,0.618,2.585,0.634,3.904,0.617,2.724,0.622,3.049,0.577,2.359,0.604,2.811,0.622,3.155,0.547,0.743,0.609,3.485,0.612,3.206
,,452,N/A,N/A,N/A,0.598,2.322,0.632,2.875,0.639,3.616,0.640,3.199,0.635,3.287,0.600,2.167,0.631,2.451,0.619,3.507,0.638,2.676,0.654,4.037,0.637,2.818,0.642,3.154,0.595,2.440,0.623,2.908,0.642,3.264,0.565,0.769,0.629,3.605,0.631,3.317
,,453,N/A,N/A,N/A,0.609,2.367,0.643,2.932,0.651,3.686,0.652,3.266,0.646,3.354,0.611,2.211,0.643,2.501,0.630,3.577,0.650,2.731,0.665,4.116,0.648,2.875,0.654,3.219,0.606,2.489,0.635,2.967,0.654,3.333,0.576,0.784,0.640,3.676,0.643,3.386
,,454,N/A,N/A,N/A,0.611,2.383,0.646,2.952,0.654,3.712,0.656,3.291,0.650,3.380,0.613,2.226,0.646,2.519,0.634,3.604,0.654,2.753,0.669,4.147,0.652,2.898,0.658,3.247,0.609,2.506,0.638,2.989,0.658,3.359,0.578,0.790,0.643,3.703,0.647,3.413
,,455,N/A,N/A,N/A,0.606,2.367,0.640,2.933,0.648,3.691,0.651,3.274,0.645,3.362,0.609,2.214,0.641,2.503,0.629,3.584,0.649,2.739,0.663,4.124,0.648,2.885,0.654,3.233,0.604,2.491,0.633,2.971,0.653,3.341,0.574,0.786,0.638,3.683,0.642,3.397
,,456,N/A,N/A,N/A,0.592,2.317,0.626,2.873,0.634,3.618,0.637,3.211,0.631,3.298,0.596,2.171,0.626,2.452,0.615,3.513,0.635,2.687,0.649,4.042,0.634,2.830,0.641,3.173,0.590,2.440,0.618,2.908,0.638,3.275,0.562,0.770,0.625,3.611,0.629,3.332
,,457,N/A,N/A,N/A,0.571,2.240,0.604,2.781,0.613,3.505,0.616,3.113,0.611,3.197,0.576,2.103,0.605,2.373,0.594,3.403,0.614,2.604,0.627,3.913,0.613,2.742,0.620,3.076,0.569,2.361,0.596,2.814,0.617,3.170,0.543,0.746,0.604,3.498,0.608,3.229
,,458,N/A,N/A,N/A,0.544,2.141,0.577,2.660,0.586,3.357,0.589,2.982,0.584,3.064,0.550,2.014,0.577,2.271,0.568,3.258,0.588,2.495,0.599,3.747,0.586,2.625,0.593,2.948,0.544,2.258,0.569,2.692,0.589,3.035,0.518,0.714,0.577,3.350,0.581,3.093
,,459,N/A,N/A,N/A,0.513,2.022,0.545,2.517,0.553,3.178,0.556,2.824,0.552,2.903,0.520,1.908,0.545,2.150,0.536,3.084,0.555,2.364,0.566,3.547,0.553,2.486,0.560,2.793,0.513,2.135,0.538,2.548,0.557,2.874,0.490,0.676,0.545,3.172,0.549,2.929
,,460,N/A,N/A,N/A,0.479,1.891,0.509,2.357,0.517,2.976,0.520,2.646,0.517,2.723,0.487,1.789,0.510,2.014,0.502,2.891,0.520,2.217,0.529,3.324,0.518,2.331,0.524,2.619,0.479,1.997,0.503,2.387,0.521,2.694,0.458,0.634,0.510,2.973,0.514,2.746
,,461,N/A,N/A,N/A,0.443,1.754,0.472,2.189,0.479,2.762,0.482,2.458,0.479,2.530,0.451,1.662,0.472,1.870,0.465,2.686,0.482,2.059,0.490,3.089,0.480,2.166,0.486,2.435,0.443,1.852,0.466,2.217,0.483,2.503,0.425,0.589,0.473,2.763,0.477,2.554
,,462,N/A,N/A,N/A,0.408,1.618,0.435,2.022,0.441,2.550,0.444,2.270,0.442,2.336,0.416,1.535,0.435,1.726,0.429,2.483,0.444,1.901,0.452,2.855,0.443,2.003,0.449,2.252,0.408,1.708,0.429,2.047,0.445,2.312,0.391,0.544,0.436,2.552,0.440,2.361
,,463,N/A,N/A,N/A,0.373,1.485,0.398,1.857,0.404,2.343,0.407,2.085,0.405,2.146,0.381,1.410,0.398,1.584,0.394,2.284,0.407,1.746,0.415,2.626,0.407,1.843,0.412,2.073,0.373,1.566,0.393,1.879,0.407,2.122,0.359,0.500,0.400,2.345,0.403,2.171
,,464,N/A,N/A,N/A,0.341,1.360,0.364,1.701,0.370,2.149,0.372,1.910,0.370,1.968,0.349,1.293,0.364,1.450,0.361,2.096,0.372,1.600,0.380,2.411,0.373,1.693,0.377,1.902,0.340,1.433,0.359,1.721,0.372,1.943,0.328,0.458,0.366,2.152,0.369,1.991
,,465,N/A,N/A,N/A,0.311,1.243,0.332,1.555,0.338,1.968,0.340,1.747,0.338,1.801,0.319,1.184,0.332,1.326,0.329,1.919,0.340,1.464,0.348,2.209,0.341,1.551,0.345,1.742,0.310,1.309,0.328,1.575,0.340,1.778,0.300,0.420,0.334,1.971,0.337,1.823
,,466,N/A,N/A,N/A,0.284,1.137,0.303,1.420,0.309,1.800,0.310,1.597,0.309,1.648,0.291,1.082,0.303,1.212,0.300,1.754,0.310,1.339,0.318,2.023,0.311,1.419,0.315,1.593,0.283,1.195,0.299,1.441,0.310,1.627,0.274,0.384,0.305,1.802,0.308,1.667
,,467,N/A,N/A,N/A,0.259,1.039,0.276,1.297,0.282,1.646,0.283,1.459,0.282,1.507,0.265,0.990,0.276,1.108,0.274,1.603,0.283,1.224,0.290,1.852,0.284,1.299,0.287,1.456,0.258,1.091,0.273,1.318,0.283,1.489,0.250,0.351,0.278,1.648,0.281,1.525
,,468,N/A,N/A,N/A,0.237,0.951,0.252,1.187,0.257,1.505,0.258,1.335,0.257,1.379,0.242,0.906,0.252,1.014,0.250,1.465,0.258,1.119,0.265,1.696,0.260,1.190,0.262,1.334,0.235,0.998,0.250,1.208,0.259,1.363,0.228,0.321,0.254,1.508,0.257,1.396
,,469,N/A,N/A,N/A,0.217,0.872,0.230,1.088,0.235,1.378,0.236,1.223,0.235,1.264,0.221,0.829,0.230,0.928,0.228,1.342,0.236,1.025,0.243,1.555,0.238,1.092,0.240,1.223,0.215,0.915,0.229,1.108,0.237,1.249,0.209,0.295,0.232,1.382,0.235,1.282
,,470,N/A,N/A,N/A,0.198,0.800,0.211,0.996,0.215,1.263,0.216,1.122,0.215,1.160,0.202,0.760,0.211,0.850,0.209,1.231,0.215,0.939,0.222,1.426,0.218,1.004,0.220,1.122,0.197,0.839,0.209,1.016,0.216,1.144,0.191,0.270,0.213,1.267,0.215,1.177
,,471,N/A,N/A,N/A,0.181,0.734,0.193,0.913,0.197,1.159,0.198,1.030,0.197,1.064,0.185,0.696,0.193,0.779,0.191,1.128,0.197,0.860,0.203,1.307,0.200,0.922,0.201,1.030,0.180,0.770,0.192,0.932,0.198,1.049,0.175,0.248,0.195,1.162,0.197,1.079
,,472,N/A,N/A,N/A,0.166,0.673,0.176,0.837,0.180,1.062,0.181,0.944,0.181,0.976,0.169,0.638,0.176,0.714,0.175,1.034,0.180,0.788,0.186,1.198,0.183,0.847,0.184,0.944,0.165,0.706,0.175,0.854,0.181,0.962,0.160,0.227,0.178,1.065,0.180,0.990
,,473,N/A,N/A,N/A,0.151,0.615,0.161,0.765,0.164,0.973,0.165,0.864,0.165,0.894,0.154,0.583,0.161,0.653,0.160,0.945,0.164,0.721,0.170,1.096,0.167,0.775,0.168,0.864,0.150,0.646,0.160,0.781,0.165,0.880,0.146,0.208,0.163,0.975,0.165,0.906
,,474,N/A,N/A,N/A,0.138,0.560,0.146,0.697,0.150,0.887,0.150,0.788,0.150,0.816,0.140,0.531,0.146,0.595,0.145,0.861,0.149,0.657,0.154,0.999,0.152,0.707,0.153,0.787,0.137,0.588,0.146,0.712,0.151,0.803,0.133,0.189,0.148,0.889,0.150,0.826
,,475,N/A,N/A,N/A,0.125,0.509,0.133,0.634,0.136,0.807,0.136,0.717,0.136,0.742,0.127,0.482,0.133,0.541,0.131,0.782,0.136,0.597,0.140,0.908,0.138,0.642,0.139,0.716,0.124,0.534,0.132,0.647,0.137,0.729,0.120,0.172,0.134,0.808,0.136,0.752
,,476,N/A,N/A,N/A,0.113,0.462,0.120,0.575,0.123,0.731,0.123,0.649,0.124,0.674,0.115,0.437,0.120,0.490,0.119,0.709,0.123,0.541,0.127,0.823,0.125,0.582,0.126,0.649,0.112,0.484,0.119,0.586,0.123,0.660,0.109,0.156,0.121,0.733,0.123,0.682
,,477,N/A,N/A,N/A,0.102,0.417,0.108,0.520,0.111,0.661,0.111,0.586,0.112,0.610,0.104,0.395,0.108,0.443,0.107,0.641,0.111,0.489,0.114,0.744,0.113,0.527,0.113,0.587,0.101,0.438,0.108,0.529,0.111,0.596,0.099,0.141,0.110,0.663,0.111,0.616
,,478,N/A,N/A,N/A,0.092,0.376,0.098,0.471,0.100,0.597,0.100,0.529,0.101,0.551,0.093,0.356,0.097,0.400,0.097,0.579,0.100,0.442,0.103,0.671,0.102,0.476,0.102,0.530,0.091,0.395,0.097,0.477,0.100,0.538,0.089,0.128,0.099,0.598,0.100,0.557
,,479,N/A,N/A,N/A,0.082,0.338,0.088,0.424,0.090,0.539,0.090,0.477,0.090,0.496,0.084,0.321,0.087,0.359,0.087,0.523,0.090,0.399,0.092,0.604,0.091,0.429,0.092,0.477,0.082,0.356,0.087,0.430,0.090,0.485,0.080,0.115,0.089,0.539,0.090,0.502
,,480,N/A,N/A,N/A,0.074,0.304,0.079,0.382,0.081,0.484,0.081,0.429,0.081,0.446,0.075,0.289,0.078,0.323,0.078,0.472,0.081,0.359,0.083,0.542,0.082,0.386,0.082,0.429,0.073,0.320,0.078,0.386,0.081,0.436,0.072,0.103,0.080,0.485,0.081,0.452
,,481,N/A,N/A,N/A,0.066,0.274,0.071,0.345,0.072,0.435,0.073,0.387,0.073,0.401,0.068,0.260,0.070,0.290,0.071,0.425,0.073,0.324,0.074,0.487,0.074,0.347,0.074,0.387,0.066,0.287,0.070,0.347,0.073,0.393,0.064,0.093,0.072,0.437,0.073,0.407
,,482,N/A,N/A,N/A,0.060,0.248,0.064,0.311,0.065,0.393,0.066,0.350,0.066,0.362,0.061,0.234,0.063,0.262,0.063,0.383,0.065,0.292,0.067,0.440,0.066,0.313,0.067,0.349,0.059,0.259,0.063,0.313,0.066,0.355,0.058,0.084,0.065,0.394,0.066,0.368
,,483,N/A,N/A,N/A,0.054,0.224,0.058,0.281,0.059,0.355,0.059,0.318,0.059,0.327,0.055,0.212,0.057,0.237,0.057,0.347,0.059,0.265,0.060,0.399,0.060,0.284,0.060,0.316,0.053,0.234,0.057,0.284,0.059,0.322,0.053,0.076,0.058,0.357,0.059,0.333
,,484,N/A,N/A,N/A,0.049,0.204,0.052,0.256,0.053,0.322,0.054,0.289,0.054,0.297,0.050,0.192,0.052,0.215,0.052,0.315,0.054,0.241,0.055,0.362,0.054,0.258,0.055,0.288,0.048,0.213,0.052,0.258,0.054,0.293,0.048,0.070,0.053,0.325,0.054,0.303
,,485,N/A,N/A,N/A,0.045,0.186,0.048,0.233,0.048,0.293,0.049,0.264,0.049,0.270,0.045,0.175,0.047,0.196,0.047,0.288,0.049,0.221,0.050,0.330,0.050,0.235,0.050,0.263,0.044,0.194,0.047,0.236,0.049,0.267,0.044,0.064,0.048,0.296,0.049,0.276
,,486,N/A,N/A,N/A,0.041,0.170,0.044,0.214,0.044,0.268,0.045,0.241,0.045,0.248,0.041,0.161,0.043,0.180,0.043,0.264,0.045,0.202,0.046,0.303,0.045,0.216,0.046,0.241,0.040,0.178,0.043,0.217,0.045,0.245,0.040,0.059,0.044,0.271,0.045,0.253
,,487,N/A,N/A,N/A,0.037,0.156,0.040,0.197,0.040,0.245,0.041,0.222,0.041,0.228,0.038,0.147,0.039,0.165,0.040,0.242,0.041,0.186,0.042,0.278,0.042,0.199,0.042,0.221,0.037,0.163,0.040,0.199,0.041,0.225,0.037,0.054,0.040,0.249,0.041,0.233
,,488,N/A,N/A,N/A,0.034,0.143,0.037,0.181,0.037,0.226,0.038,0.205,0.038,0.210,0.035,0.136,0.036,0.152,0.037,0.224,0.038,0.171,0.039,0.257,0.038,0.183,0.039,0.204,0.034,0.150,0.036,0.184,0.038,0.208,0.034,0.050,0.037,0.229,0.038,0.215
,,489,N/A,N/A,N/A,0.031,0.132,0.034,0.167,0.034,0.208,0.035,0.189,0.035,0.194,0.032,0.125,0.033,0.141,0.034,0.207,0.035,0.158,0.036,0.238,0.035,0.169,0.036,0.189,0.031,0.139,0.034,0.170,0.035,0.192,0.031,0.046,0.034,0.212,0.035,0.199
,,490,N/A,N/A,N/A,0.029,0.122,0.031,0.154,0.031,0.193,0.032,0.175,0.032,0.180,0.030,0.116,0.031,0.130,0.031,0.192,0.032,0.146,0.033,0.220,0.033,0.157,0.033,0.176,0.029,0.128,0.031,0.157,0.032,0.177,0.029,0.043,0.032,0.197,0.032,0.185
,,491,N/A,N/A,N/A,0.027,0.113,0.029,0.143,0.029,0.179,0.030,0.162,0.030,0.167,0.027,0.107,0.029,0.121,0.029,0.178,0.030,0.136,0.030,0.204,0.030,0.146,0.031,0.163,0.027,0.119,0.029,0.146,0.030,0.165,0.027,0.040,0.029,0.183,0.030,0.172
,,492,N/A,N/A,N/A,0.025,0.105,0.027,0.132,0.027,0.167,0.028,0.151,0.028,0.156,0.025,0.100,0.027,0.113,0.027,0.165,0.028,0.126,0.028,0.190,0.028,0.136,0.028,0.152,0.025,0.111,0.027,0.136,0.028,0.153,0.025,0.037,0.027,0.170,0.028,0.159
,,493,N/A,N/A,N/A,0.023,0.098,0.025,0.123,0.025,0.155,0.026,0.141,0.026,0.145,0.023,0.093,0.025,0.105,0.025,0.154,0.026,0.119,0.026,0.177,0.026,0.127,0.026,0.142,0.023,0.103,0.025,0.126,0.026,0.142,0.023,0.035,0.025,0.159,0.026,0.148
,,494,N/A,N/A,N/A,0.022,0.092,0.023,0.115,0.023,0.145,0.024,0.131,0.024,0.135,0.022,0.086,0.023,0.099,0.023,0.144,0.024,0.111,0.025,0.165,0.024,0.118,0.025,0.133,0.022,0.097,0.023,0.118,0.024,0.133,0.022,0.033,0.024,0.148,0.024,0.138
,,495,N/A,N/A,N/A,0.020,0.086,0.022,0.109,0.022,0.136,0.022,0.122,0.022,0.127,0.021,0.081,0.022,0.093,0.022,0.135,0.023,0.105,0.023,0.156,0.023,0.112,0.023,0.124,0.020,0.091,0.022,0.111,0.022,0.125,0.021,0.031,0.022,0.139,0.023,0.130
,,496,N/A,N/A,N/A,0.019,0.082,0.021,0.103,0.021,0.128,0.021,0.115,0.021,0.119,0.019,0.077,0.021,0.088,0.021,0.128,0.021,0.099,0.022,0.148,0.022,0.106,0.022,0.117,0.019,0.086,0.021,0.105,0.021,0.117,0.019,0.029,0.021,0.131,0.021,0.122
,,497,N/A,N/A,N/A,0.018,0.078,0.020,0.098,0.019,0.121,0.020,0.109,0.020,0.113,0.018,0.073,0.020,0.084,0.019,0.121,0.020,0.094,0.021,0.140,0.021,0.101,0.021,0.111,0.018,0.082,0.020,0.100,0.020,0.111,0.019,0.028,0.020,0.125,0.020,0.116
,,498,N/A,N/A,N/A,0.017,0.074,0.019,0.093,0.019,0.116,0.019,0.104,0.019,0.107,0.018,0.070,0.019,0.081,0.019,0.116,0.020,0.090,0.020,0.134,0.020,0.097,0.020,0.107,0.017,0.078,0.019,0.096,0.019,0.106,0.018,0.027,0.019,0.119,0.019,0.110
,,499,N/A,N/A,N/A,0.017,0.072,0.018,0.089,0.018,0.111,0.018,0.100,0.018,0.103,0.017,0.068,0.018,0.078,0.018,0.111,0.019,0.087,0.019,0.129,0.019,0.094,0.019,0.103,0.017,0.075,0.018,0.093,0.018,0.102,0.017,0.026,0.018,0.115,0.018,0.106
,,500,N/A,N/A,N/A,0.016,0.070,0.017,0.087,0.017,0.107,0.018,0.098,0.017,0.099,0.016,0.066,0.018,0.076,0.017,0.108,0.018,0.085,0.018,0.125,0.019,0.092,0.018,0.100,0.016,0.072,0.018,0.091,0.018,0.099,0.017,0.025,0.017,0.111,0.018,0.103
,,501,N/A,N/A,N/A,0.016,0.068,0.017,0.085,0.017,0.104,0.017,0.095,0.017,0.096,0.016,0.064,0.017,0.075,0.017,0.105,0.018,0.083,0.018,0.122,0.018,0.090,0.018,0.098,0.016,0.071,0.017,0.090,0.017,0.097,0.017,0.025,0.017,0.108,0.017,0.100
,,502,N/A,N/A,N/A,0.015,0.067,0.017,0.084,0.016,0.102,0.017,0.094,0.016,0.094,0.016,0.063,0.017,0.074,0.016,0.104,0.018,0.082,0.017,0.120,0.018,0.089,0.018,0.096,0.015,0.070,0.017,0.089,0.017,0.095,0.016,0.025,0.017,0.106,0.017,0.098
,,503,N/A,N/A,N/A,0.015,0.066,0.016,0.083,0.016,0.100,0.017,0.093,0.016,0.093,0.016,0.063,0.017,0.073,0.016,0.103,0.017,0.081,0.017,0.118,0.018,0.089,0.017,0.095,0.015,0.069,0.017,0.088,0.017,0.094,0.017,0.025,0.016,0.104,0.017,0.097
,,504,N/A,N/A,N/A,0.015,0.066,0.016,0.083,0.016,0.099,0.017,0.092,0.016,0.092,0.016,0.063,0.017,0.073,0.016,0.103,0.017,0.081,0.017,0.117,0.018,0.088,0.017,0.095,0.015,0.069,0.017,0.088,0.017,0.094,0.017,0.025,0.016,0.103,0.016,0.096
,,505,N/A,N/A,N/A,0.015,0.065,0.016,0.083,0.016,0.099,0.016,0.092,0.016,0.092,0.016,0.063,0.017,0.073,0.016,0.102,0.017,0.080,0.017,0.116,0.018,0.089,0.017,0.094,0.015,0.069,0.017,0.089,0.017,0.094,0.017,0.025,0.016,0.103,0.016,0.096
,,506,N/A,N/A,N/A,0.015,0.066,0.016,0.083,0.016,0.098,0.016,0.092,0.016,0.093,0.016,0.063,0.017,0.073,0.016,0.103,0.017,0.081,0.017,0.116,0.018,0.089,0.017,0.094,0.015,0.069,0.017,0.089,0.017,0.095,0.017,0.026,0.016,0.103,0.016,0.097
,,507,N/A,N/A,N/A,0.015,0.066,0.016,0.083,0.016,0.099,0.016,0.092,0.016,0.093,0.016,0.063,0.017,0.074,0.016,0.104,0.017,0.082,0.017,0.116,0.018,0.090,0.017,0.095,0.015,0.069,0.017,0.089,0.017,0.095,0.017,0.026,0.016,0.104,0.016,0.097
,,508,N/A,N/A,N/A,0.015,0.067,0.016,0.084,0.016,0.099,0.017,0.093,0.016,0.094,0.016,0.064,0.017,0.075,0.016,0.105,0.018,0.083,0.017,0.118,0.018,0.090,0.017,0.096,0.015,0.070,0.017,0.090,0.017,0.097,0.017,0.026,0.016,0.104,0.017,0.098
,,509,N/A,N/A,N/A,0.016,0.068,0.017,0.086,0.016,0.101,0.017,0.094,0.016,0.095,0.016,0.065,0.017,0.075,0.017,0.106,0.018,0.085,0.017,0.119,0.018,0.092,0.018,0.097,0.015,0.070,0.017,0.091,0.017,0.098,0.017,0.027,0.016,0.105,0.017,0.099
,,510,N/A,N/A,N/A,0.016,0.069,0.017,0.087,0.016,0.102,0.017,0.095,0.017,0.097,0.016,0.066,0.017,0.077,0.017,0.109,0.018,0.086,0.017,0.121,0.019,0.093,0.018,0.098,0.016,0.072,0.018,0.093,0.017,0.100,0.018,0.027,0.017,0.107,0.017,0.101
,,511,N/A,N/A,N/A,0.016,0.070,0.017,0.089,0.016,0.103,0.017,0.096,0.017,0.099,0.016,0.067,0.018,0.078,0.017,0.111,0.019,0.088,0.018,0.123,0.019,0.095,0.018,0.100,0.016,0.073,0.018,0.094,0.018,0.102,0.018,0.028,0.017,0.108,0.017,0.102
,,512,N/A,N/A,N/A,0.016,0.072,0.018,0.091,0.016,0.105,0.017,0.098,0.017,0.101,0.017,0.068,0.018,0.079,0.018,0.113,0.019,0.090,0.018,0.126,0.020,0.098,0.018,0.102,0.016,0.074,0.018,0.095,0.018,0.104,0.018,0.028,0.017,0.110,0.018,0.104
,,513,N/A,N/A,N/A,0.017,0.074,0.018,0.093,0.017,0.108,0.018,0.099,0.018,0.103,0.017,0.069,0.018,0.081,0.018,0.116,0.019,0.092,0.018,0.129,0.020,0.100,0.019,0.105,0.016,0.076,0.018,0.097,0.018,0.106,0.019,0.029,0.017,0.113,0.018,0.107
,,514,N/A,N/A,N/A,0.017,0.075,0.018,0.095,0.017,0.110,0.018,0.102,0.018,0.105,0.017,0.070,0.019,0.083,0.018,0.119,0.020,0.095,0.019,0.133,0.021,0.103,0.019,0.108,0.017,0.077,0.019,0.100,0.019,0.109,0.019,0.030,0.018,0.116,0.018,0.110
,,515,N/A,N/A,N/A,0.017,0.077,0.019,0.098,0.018,0.113,0.018,0.104,0.018,0.108,0.017,0.072,0.019,0.086,0.019,0.123,0.021,0.098,0.020,0.137,0.021,0.107,0.020,0.111,0.017,0.079,0.019,0.102,0.019,0.111,0.020,0.031,0.018,0.119,0.019,0.113
,,516,N/A,N/A,N/A,0.018,0.079,0.019,0.100,0.018,0.117,0.019,0.107,0.019,0.112,0.018,0.074,0.020,0.088,0.020,0.126,0.021,0.102,0.020,0.141,0.022,0.110,0.020,0.114,0.017,0.081,0.020,0.104,0.020,0.114,0.020,0.032,0.019,0.122,0.019,0.116
,,517,N/A,N/A,N/A,0.018,0.081,0.020,0.103,0.019,0.120,0.019,0.110,0.019,0.115,0.018,0.076,0.020,0.091,0.020,0.130,0.022,0.105,0.021,0.146,0.022,0.114,0.021,0.117,0.018,0.084,0.020,0.107,0.020,0.117,0.021,0.033,0.019,0.125,0.020,0.120
,,518,N/A,N/A,N/A,0.019,0.083,0.020,0.105,0.019,0.124,0.020,0.113,0.020,0.119,0.019,0.078,0.021,0.093,0.021,0.134,0.022,0.108,0.021,0.150,0.023,0.117,0.021,0.120,0.018,0.086,0.021,0.110,0.021,0.120,0.022,0.034,0.020,0.129,0.021,0.124
,,519,N/A,N/A,N/A,0.019,0.085,0.021,0.108,0.020,0.128,0.020,0.117,0.021,0.122,0.019,0.080,0.022,0.096,0.021,0.138,0.023,0.110,0.022,0.154,0.024,0.121,0.022,0.124,0.019,0.088,0.021,0.113,0.021,0.123,0.022,0.035,0.020,0.133,0.021,0.127
,,520,N/A,N/A,N/A,0.019,0.087,0.021,0.110,0.020,0.131,0.021,0.120,0.021,0.126,0.020,0.082,0.022,0.099,0.022,0.143,0.024,0.114,0.022,0.159,0.025,0.125,0.022,0.127,0.019,0.090,0.022,0.116,0.022,0.127,0.023,0.036,0.021,0.136,0.022,0.131
,,521,N/A,N/A,N/A,0.020,0.089,0.021,0.112,0.021,0.135,0.022,0.124,0.022,0.129,0.020,0.084,0.023,0.101,0.022,0.147,0.024,0.117,0.023,0.163,0.025,0.129,0.023,0.130,0.020,0.093,0.022,0.119,0.022,0.130,0.024,0.037,0.021,0.140,0.022,0.136
,,522,N/A,N/A,N/A,0.020,0.090,0.022,0.115,0.021,0.138,0.022,0.127,0.022,0.132,0.021,0.086,0.023,0.104,0.023,0.151,0.025,0.120,0.023,0.167,0.026,0.132,0.023,0.133,0.020,0.095,0.023,0.122,0.023,0.133,0.024,0.038,0.022,0.143,0.023,0.140
,,523,N/A,N/A,N/A,0.020,0.092,0.022,0.117,0.022,0.141,0.023,0.130,0.022,0.134,0.021,0.088,0.024,0.106,0.024,0.155,0.025,0.122,0.024,0.170,0.026,0.135,0.024,0.136,0.020,0.097,0.023,0.124,0.023,0.136,0.025,0.039,0.022,0.147,0.024,0.143
,,524,N/A,N/A,N/A,0.021,0.094,0.023,0.119,0.022,0.144,0.023,0.133,0.023,0.137,0.021,0.090,0.024,0.109,0.024,0.159,0.026,0.125,0.024,0.173,0.027,0.137,0.024,0.138,0.021,0.099,0.023,0.127,0.024,0.139,0.025,0.040,0.022,0.149,0.024,0.147
,,525,N/A,N/A,N/A,0.021,0.096,0.023,0.121,0.022,0.146,0.023,0.136,0.023,0.141,0.022,0.091,0.025,0.111,0.025,0.162,0.026,0.127,0.025,0.176,0.027,0.139,0.025,0.141,0.021,0.100,0.024,0.128,0.024,0.141,0.026,0.041,0.023,0.152,0.024,0.149
,,526,N/A,N/A,N/A,0.021,0.097,0.023,0.123,0.023,0.148,0.024,0.138,0.024,0.143,0.022,0.092,0.025,0.113,0.025,0.164,0.027,0.130,0.025,0.178,0.027,0.141,0.025,0.143,0.021,0.101,0.024,0.130,0.024,0.143,0.026,0.041,0.023,0.155,0.025,0.152
,,527,N/A,N/A,N/A,0.022,0.098,0.023,0.124,0.023,0.150,0.024,0.140,0.024,0.145,0.022,0.093,0.025,0.114,0.025,0.167,0.027,0.132,0.025,0.181,0.028,0.143,0.025,0.145,0.021,0.102,0.024,0.131,0.025,0.146,0.026,0.042,0.024,0.157,0.025,0.154
,,528,N/A,N/A,N/A,0.022,0.099,0.024,0.125,0.023,0.152,0.024,0.142,0.024,0.146,0.022,0.094,0.025,0.115,0.025,0.169,0.027,0.134,0.025,0.184,0.028,0.145,0.025,0.146,0.021,0.103,0.024,0.132,0.025,0.147,0.027,0.042,0.024,0.159,0.025,0.155
,,529,N/A,N/A,N/A,0.022,0.100,0.024,0.127,0.023,0.153,0.024,0.143,0.024,0.147,0.023,0.095,0.026,0.116,0.026,0.171,0.028,0.135,0.026,0.186,0.028,0.146,0.026,0.147,0.022,0.104,0.024,0.133,0.025,0.148,0.027,0.043,0.024,0.161,0.025,0.156
,,530,N/A,N/A,N/A,0.022,0.101,0.024,0.128,0.023,0.155,0.025,0.145,0.024,0.148,0.023,0.096,0.026,0.117,0.026,0.173,0.028,0.137,0.026,0.187,0.028,0.147,0.026,0.148,0.022,0.105,0.024,0.134,0.025,0.149,0.027,0.044,0.024,0.163,0.026,0.158
,,531,N/A,N/A,N/A,0.022,0.101,0.024,0.130,0.023,0.156,0.025,0.146,0.025,0.149,0.023,0.096,0.026,0.119,0.026,0.174,0.028,0.138,0.026,0.189,0.029,0.148,0.026,0.149,0.022,0.106,0.025,0.135,0.025,0.150,0.028,0.044,0.024,0.164,0.026,0.159
,,532,N/A,N/A,N/A,0.022,0.102,0.024,0.131,0.024,0.157,0.025,0.147,0.025,0.150,0.023,0.097,0.026,0.120,0.026,0.176,0.028,0.140,0.026,0.191,0.029,0.150,0.026,0.151,0.022,0.107,0.025,0.136,0.025,0.150,0.028,0.045,0.025,0.166,0.026,0.160
,,533,N/A,N/A,N/A,0.023,0.103,0.025,0.133,0.024,0.159,0.025,0.149,0.025,0.152,0.023,0.098,0.027,0.122,0.027,0.177,0.029,0.141,0.026,0.192,0.029,0.151,0.026,0.153,0.022,0.108,0.025,0.137,0.025,0.151,0.028,0.046,0.025,0.168,0.026,0.162
,,534,N/A,N/A,N/A,0.023,0.104,0.025,0.134,0.024,0.161,0.026,0.151,0.025,0.155,0.023,0.099,0.027,0.123,0.027,0.179,0.029,0.142,0.027,0.194,0.029,0.153,0.027,0.154,0.022,0.109,0.025,0.139,0.025,0.153,0.029,0.046,0.025,0.170,0.026,0.163
,,535,N/A,N/A,N/A,0.023,0.106,0.025,0.136,0.024,0.163,0.026,0.153,0.026,0.156,0.023,0.100,0.027,0.125,0.027,0.181,0.029,0.144,0.027,0.197,0.029,0.154,0.027,0.156,0.023,0.110,0.026,0.141,0.026,0.155,0.029,0.047,0.025,0.172,0.027,0.165
,,536,N/A,N/A,N/A,0.023,0.107,0.025,0.137,0.025,0.166,0.026,0.156,0.026,0.158,0.024,0.102,0.028,0.127,0.027,0.183,0.029,0.146,0.027,0.199,0.030,0.156,0.027,0.158,0.023,0.112,0.026,0.143,0.026,0.157,0.030,0.048,0.026,0.174,0.027,0.167
,,537,N/A,N/A,N/A,0.023,0.108,0.026,0.139,0.025,0.169,0.027,0.158,0.026,0.160,0.024,0.103,0.028,0.129,0.028,0.185,0.030,0.148,0.028,0.202,0.030,0.159,0.027,0.160,0.023,0.114,0.026,0.145,0.026,0.160,0.030,0.048,0.026,0.176,0.027,0.170
,,538,N/A,N/A,N/A,0.024,0.110,0.026,0.141,0.025,0.171,0.027,0.161,0.026,0.163,0.024,0.105,0.028,0.131,0.028,0.188,0.030,0.150,0.028,0.205,0.031,0.162,0.028,0.162,0.024,0.116,0.027,0.148,0.027,0.162,0.030,0.049,0.026,0.178,0.028,0.173
,,539,N/A,N/A,N/A,0.024,0.111,0.027,0.144,0.026,0.174,0.028,0.164,0.027,0.166,0.025,0.106,0.029,0.133,0.028,0.191,0.030,0.152,0.028,0.208,0.031,0.165,0.028,0.165,0.024,0.118,0.027,0.150,0.027,0.165,0.031,0.050,0.026,0.181,0.028,0.176
,,540,N/A,N/A,N/A,0.024,0.113,0.027,0.146,0.026,0.177,0.028,0.167,0.027,0.168,0.025,0.108,0.029,0.135,0.029,0.193,0.031,0.155,0.029,0.212,0.032,0.168,0.029,0.168,0.024,0.120,0.027,0.153,0.028,0.169,0.031,0.051,0.027,0.184,0.029,0.179
,,541,N/A,N/A,N/A,0.025,0.115,0.027,0.148,0.027,0.180,0.029,0.171,0.028,0.171,0.025,0.110,0.029,0.137,0.029,0.196,0.032,0.158,0.029,0.215,0.032,0.171,0.029,0.171,0.025,0.122,0.028,0.156,0.028,0.172,0.032,0.052,0.027,0.187,0.029,0.182
,,542,N/A,N/A,N/A,0.025,0.117,0.028,0.150,0.027,0.183,0.029,0.174,0.028,0.174,0.026,0.112,0.030,0.139,0.029,0.200,0.032,0.161,0.030,0.219,0.033,0.175,0.030,0.174,0.025,0.123,0.028,0.158,0.029,0.176,0.032,0.052,0.028,0.190,0.029,0.185
,,543,N/A,N/A,N/A,0.026,0.119,0.028,0.152,0.027,0.186,0.029,0.176,0.028,0.177,0.026,0.114,0.030,0.141,0.030,0.203,0.032,0.163,0.030,0.222,0.033,0.177,0.030,0.177,0.025,0.125,0.029,0.161,0.029,0.179,0.032,0.053,0.028,0.193,0.030,0.188
,,544,N/A,N/A,N/A,0.026,0.121,0.028,0.154,0.028,0.188,0.030,0.178,0.029,0.179,0.027,0.116,0.031,0.143,0.030,0.206,0.033,0.166,0.030,0.225,0.034,0.180,0.030,0.179,0.026,0.127,0.029,0.163,0.030,0.182,0.033,0.053,0.028,0.195,0.030,0.190
,,545,N/A,N/A,N/A,0.026,0.123,0.028,0.156,0.028,0.190,0.030,0.180,0.029,0.181,0.027,0.117,0.031,0.144,0.030,0.208,0.033,0.168,0.031,0.228,0.034,0.183,0.031,0.182,0.026,0.128,0.030,0.166,0.030,0.184,0.033,0.054,0.029,0.198,0.030,0.192
,,546,N/A,N/A,N/A,0.027,0.125,0.029,0.158,0.028,0.193,0.030,0.182,0.029,0.184,0.027,0.118,0.031,0.145,0.031,0.210,0.034,0.170,0.031,0.231,0.035,0.186,0.031,0.184,0.026,0.130,0.030,0.168,0.030,0.187,0.033,0.055,0.029,0.200,0.031,0.194
,,547,N/A,N/A,N/A,0.027,0.125,0.029,0.160,0.028,0.195,0.030,0.184,0.030,0.186,0.027,0.119,0.031,0.146,0.031,0.212,0.034,0.172,0.031,0.233,0.035,0.188,0.031,0.187,0.026,0.131,0.030,0.170,0.031,0.189,0.034,0.055,0.029,0.202,0.031,0.196
,,548,N/A,N/A,N/A,0.027,0.126,0.029,0.162,0.029,0.196,0.030,0.185,0.030,0.187,0.027,0.120,0.031,0.147,0.031,0.215,0.034,0.173,0.031,0.236,0.035,0.190,0.032,0.188,0.027,0.132,0.030,0.172,0.031,0.191,0.034,0.056,0.029,0.204,0.031,0.198
,,549,N/A,N/A,N/A,0.027,0.127,0.029,0.163,0.029,0.198,0.031,0.186,0.030,0.189,0.028,0.121,0.032,0.149,0.032,0.217,0.034,0.175,0.032,0.238,0.036,0.191,0.032,0.190,0.027,0.133,0.031,0.173,0.031,0.192,0.034,0.056,0.030,0.206,0.031,0.200
,,550,N/A,N/A,N/A,0.027,0.128,0.030,0.164,0.029,0.199,0.031,0.187,0.030,0.190,0.028,0.122,0.032,0.150,0.032,0.219,0.034,0.176,0.032,0.239,0.036,0.193,0.032,0.191,0.027,0.134,0.031,0.174,0.031,0.193,0.034,0.056,0.030,0.208,0.031,0.201
,,551,N/A,N/A,N/A,0.027,0.129,0.030,0.166,0.029,0.200,0.031,0.188,0.030,0.191,0.028,0.123,0.032,0.152,0.032,0.220,0.034,0.176,0.032,0.240,0.036,0.194,0.032,0.192,0.027,0.134,0.031,0.175,0.031,0.194,0.034,0.057,0.030,0.208,0.032,0.202
,,552,N/A,N/A,N/A,0.027,0.129,0.030,0.167,0.029,0.201,0.031,0.188,0.030,0.192,0.028,0.123,0.032,0.152,0.032,0.221,0.034,0.177,0.032,0.241,0.036,0.194,0.032,0.193,0.027,0.134,0.031,0.176,0.031,0.194,0.034,0.057,0.030,0.209,0.032,0.203
,,553,N/A,N/A,N/A,0.027,0.130,0.030,0.168,0.029,0.202,0.031,0.189,0.030,0.193,0.028,0.123,0.032,0.153,0.032,0.222,0.035,0.177,0.032,0.242,0.036,0.195,0.032,0.194,0.027,0.135,0.031,0.178,0.031,0.195,0.035,0.058,0.030,0.210,0.032,0.204
,,554,N/A,N/A,N/A,0.027,0.130,0.030,0.169,0.029,0.203,0.031,0.190,0.031,0.194,0.028,0.124,0.032,0.154,0.032,0.223,0.035,0.178,0.032,0.244,0.036,0.196,0.032,0.195,0.027,0.135,0.031,0.178,0.031,0.196,0.035,0.058,0.030,0.211,0.032,0.205
,,555,N/A,N/A,N/A,0.027,0.131,0.031,0.171,0.029,0.204,0.031,0.191,0.031,0.194,0.028,0.125,0.033,0.155,0.032,0.224,0.035,0.179,0.032,0.246,0.036,0.197,0.033,0.196,0.027,0.136,0.031,0.179,0.031,0.196,0.035,0.058,0.030,0.211,0.032,0.207
,,556,N/A,N/A,N/A,0.028,0.131,0.031,0.172,0.029,0.204,0.031,0.192,0.030,0.194,0.028,0.126,0.033,0.156,0.032,0.225,0.035,0.180,0.033,0.247,0.036,0.198,0.033,0.198,0.027,0.136,0.031,0.179,0.032,0.197,0.035,0.059,0.030,0.212,0.032,0.208
,,557,N/A,N/A,N/A,0.028,0.133,0.031,0.173,0.029,0.204,0.031,0.192,0.031,0.195,0.028,0.127,0.033,0.156,0.032,0.227,0.035,0.181,0.033,0.249,0.036,0.199,0.033,0.199,0.027,0.137,0.031,0.180,0.032,0.198,0.035,0.059,0.030,0.213,0.032,0.209
,,558,N/A,N/A,N/A,0.028,0.134,0.031,0.174,0.029,0.205,0.031,0.194,0.031,0.195,0.029,0.128,0.033,0.157,0.033,0.228,0.035,0.182,0.033,0.250,0.037,0.200,0.033,0.200,0.027,0.138,0.031,0.181,0.032,0.199,0.036,0.060,0.030,0.214,0.032,0.210
,,559,N/A,N/A,N/A,0.028,0.135,0.031,0.175,0.029,0.206,0.032,0.195,0.031,0.197,0.029,0.129,0.033,0.158,0.033,0.229,0.035,0.183,0.033,0.251,0.037,0.201,0.033,0.202,0.027,0.139,0.032,0.182,0.032,0.201,0.036,0.060,0.030,0.215,0.033,0.212
,,560,N/A,N/A,N/A,0.028,0.136,0.031,0.177,0.030,0.207,0.032,0.197,0.031,0.198,0.029,0.129,0.033,0.158,0.033,0.230,0.036,0.184,0.033,0.252,0.037,0.202,0.033,0.204,0.028,0.140,0.032,0.183,0.032,0.202,0.036,0.061,0.030,0.216,0.033,0.213
,,561,N/A,N/A,N/A,0.029,0.137,0.031,0.178,0.030,0.209,0.032,0.198,0.031,0.199,0.029,0.130,0.033,0.159,0.033,0.231,0.036,0.186,0.033,0.254,0.037,0.203,0.034,0.205,0.028,0.141,0.032,0.185,0.032,0.204,0.036,0.061,0.031,0.217,0.033,0.215
,,562,N/A,N/A,N/A,0.029,0.139,0.032,0.179,0.030,0.211,0.032,0.199,0.031,0.201,0.029,0.131,0.033,0.159,0.033,0.232,0.036,0.188,0.033,0.256,0.037,0.205,0.034,0.207,0.028,0.142,0.032,0.186,0.032,0.205,0.036,0.061,0.031,0.219,0.033,0.216
,,563,N/A,N/A,N/A,0.029,0.140,0.032,0.180,0.030,0.212,0.032,0.200,0.031,0.202,0.030,0.133,0.033,0.160,0.033,0.234,0.036,0.190,0.034,0.258,0.037,0.206,0.034,0.208,0.028,0.143,0.032,0.187,0.033,0.207,0.036,0.061,0.031,0.220,0.033,0.218
,,564,N/A,N/A,N/A,0.029,0.141,0.032,0.181,0.030,0.213,0.032,0.201,0.031,0.203,0.030,0.134,0.033,0.161,0.033,0.235,0.036,0.191,0.034,0.260,0.038,0.207,0.034,0.209,0.028,0.144,0.032,0.187,0.033,0.208,0.036,0.061,0.031,0.221,0.033,0.218
,,565,N/A,N/A,N/A,0.029,0.142,0.032,0.182,0.030,0.214,0.032,0.202,0.032,0.205,0.030,0.134,0.033,0.161,0.033,0.236,0.037,0.192,0.034,0.261,0.038,0.209,0.034,0.210,0.028,0.145,0.032,0.188,0.033,0.209,0.036,0.062,0.031,0.222,0.033,0.219
,,566,N/A,N/A,N/A,0.029,0.143,0.032,0.182,0.030,0.216,0.032,0.203,0.032,0.206,0.030,0.135,0.033,0.162,0.033,0.237,0.037,0.192,0.034,0.262,0.038,0.210,0.034,0.212,0.028,0.146,0.032,0.190,0.033,0.211,0.036,0.062,0.031,0.223,0.034,0.220
,,567,N/A,N/A,N/A,0.029,0.143,0.032,0.183,0.031,0.217,0.033,0.204,0.032,0.207,0.030,0.135,0.033,0.163,0.033,0.238,0.037,0.193,0.034,0.263,0.038,0.211,0.035,0.213,0.029,0.147,0.033,0.191,0.033,0.212,0.037,0.062,0.031,0.225,0.034,0.221
,,568,N/A,N/A,N/A,0.029,0.144,0.032,0.184,0.031,0.219,0.033,0.205,0.032,0.208,0.030,0.135,0.033,0.163,0.034,0.239,0.037,0.194,0.034,0.265,0.038,0.211,0.035,0.213,0.029,0.147,0.033,0.192,0.033,0.213,0.037,0.063,0.031,0.226,0.034,0.222
,,569,N/A,N/A,N/A,0.030,0.144,0.032,0.185,0.031,0.220,0.033,0.205,0.032,0.210,0.030,0.136,0.034,0.164,0.034,0.240,0.037,0.195,0.034,0.265,0.038,0.212,0.035,0.214,0.029,0.148,0.033,0.193,0.033,0.213,0.037,0.063,0.031,0.227,0.034,0.223
,,570,N/A,N/A,N/A,0.030,0.145,0.032,0.185,0.031,0.221,0.033,0.205,0.032,0.211,0.030,0.136,0.034,0.165,0.034,0.240,0.037,0.196,0.034,0.266,0.038,0.213,0.035,0.215,0.029,0.149,0.033,0.194,0.033,0.214,0.037,0.063,0.032,0.228,0.034,0.224
,,571,N/A,N/A,N/A,0.030,0.146,0.032,0.185,0.031,0.221,0.033,0.206,0.032,0.212,0.030,0.137,0.034,0.165,0.034,0.241,0.037,0.196,0.034,0.267,0.038,0.213,0.035,0.216,0.029,0.150,0.033,0.195,0.033,0.214,0.037,0.063,0.032,0.229,0.034,0.224
,,572,N/A,N/A,N/A,0.030,0.147,0.032,0.186,0.031,0.221,0.033,0.207,0.033,0.213,0.030,0.138,0.034,0.166,0.034,0.241,0.037,0.196,0.034,0.268,0.038,0.214,0.035,0.216,0.029,0.151,0.033,0.196,0.033,0.216,0.037,0.063,0.032,0.230,0.034,0.225
,,573,N/A,N/A,N/A,0.030,0.147,0.032,0.186,0.031,0.222,0.033,0.208,0.033,0.214,0.030,0.139,0.034,0.167,0.034,0.242,0.037,0.195,0.034,0.268,0.038,0.214,0.035,0.217,0.029,0.151,0.033,0.197,0.034,0.217,0.037,0.063,0.032,0.231,0.034,0.225
,,574,N/A,N/A,N/A,0.030,0.147,0.032,0.186,0.031,0.222,0.033,0.209,0.033,0.214,0.030,0.139,0.034,0.167,0.034,0.243,0.037,0.196,0.034,0.269,0.038,0.215,0.035,0.218,0.029,0.152,0.033,0.198,0.034,0.218,0.037,0.064,0.032,0.232,0.034,0.226
,,575,N/A,N/A,N/A,0.030,0.147,0.032,0.187,0.031,0.223,0.033,0.209,0.033,0.215,0.030,0.140,0.034,0.168,0.034,0.244,0.037,0.197,0.034,0.269,0.038,0.216,0.035,0.219,0.029,0.153,0.034,0.199,0.034,0.218,0.037,0.064,0.032,0.233,0.034,0.227
,,576,N/A,N/A,N/A,0.030,0.148,0.032,0.188,0.031,0.225,0.033,0.210,0.033,0.216,0.031,0.141,0.034,0.169,0.034,0.244,0.037,0.198,0.034,0.270,0.038,0.216,0.035,0.220,0.029,0.154,0.034,0.200,0.034,0.219,0.037,0.064,0.032,0.233,0.034,0.228
,,577,N/A,N/A,N/A,0.030,0.148,0.033,0.189,0.031,0.226,0.033,0.212,0.033,0.217,0.031,0.143,0.034,0.169,0.034,0.246,0.037,0.199,0.034,0.271,0.038,0.217,0.035,0.221,0.030,0.155,0.034,0.201,0.034,0.221,0.037,0.065,0.032,0.234,0.034,0.229
,,578,N/A,N/A,N/A,0.030,0.149,0.033,0.190,0.031,0.226,0.033,0.213,0.033,0.218,0.031,0.143,0.034,0.170,0.034,0.248,0.037,0.200,0.034,0.272,0.038,0.218,0.035,0.222,0.030,0.156,0.034,0.201,0.034,0.223,0.037,0.065,0.032,0.235,0.034,0.230
,,579,N/A,N/A,N/A,0.030,0.150,0.033,0.191,0.031,0.227,0.034,0.215,0.033,0.219,0.031,0.144,0.034,0.171,0.034,0.250,0.037,0.201,0.035,0.275,0.039,0.219,0.036,0.224,0.030,0.156,0.034,0.202,0.034,0.224,0.037,0.065,0.032,0.236,0.034,0.232
,,580,N/A,N/A,N/A,0.030,0.151,0.033,0.192,0.032,0.229,0.034,0.217,0.033,0.220,0.031,0.146,0.035,0.172,0.035,0.252,0.038,0.203,0.035,0.277,0.039,0.221,0.036,0.225,0.030,0.157,0.034,0.204,0.035,0.226,0.038,0.066,0.032,0.237,0.035,0.234
,,581,N/A,N/A,N/A,0.031,0.153,0.033,0.194,0.032,0.231,0.034,0.219,0.033,0.221,0.032,0.147,0.035,0.173,0.035,0.254,0.038,0.205,0.035,0.280,0.039,0.224,0.036,0.227,0.030,0.158,0.034,0.205,0.035,0.227,0.038,0.066,0.032,0.239,0.035,0.235
,,582,N/A,N/A,N/A,0.031,0.155,0.033,0.196,0.032,0.234,0.034,0.220,0.034,0.223,0.032,0.149,0.035,0.175,0.035,0.257,0.038,0.206,0.036,0.283,0.040,0.227,0.036,0.229,0.030,0.160,0.035,0.207,0.035,0.230,0.038,0.067,0.033,0.242,0.035,0.238
,,583,N/A,N/A,N/A,0.031,0.156,0.034,0.199,0.032,0.236,0.034,0.222,0.034,0.225,0.032,0.150,0.035,0.177,0.036,0.260,0.038,0.208,0.036,0.287,0.040,0.229,0.036,0.231,0.031,0.162,0.035,0.209,0.035,0.232,0.038,0.067,0.033,0.244,0.036,0.241
,,584,N/A,N/A,N/A,0.031,0.157,0.034,0.201,0.033,0.239,0.035,0.225,0.034,0.228,0.033,0.152,0.036,0.179,0.036,0.263,0.039,0.210,0.036,0.291,0.041,0.232,0.037,0.233,0.031,0.164,0.035,0.211,0.036,0.234,0.039,0.068,0.033,0.247,0.036,0.244
,,585,N/A,N/A,N/A,0.032,0.159,0.035,0.203,0.033,0.242,0.035,0.228,0.034,0.230,0.033,0.154,0.036,0.182,0.036,0.267,0.039,0.213,0.037,0.295,0.041,0.235,0.037,0.235,0.031,0.167,0.035,0.213,0.036,0.237,0.039,0.069,0.034,0.250,0.036,0.247
,,586,N/A,N/A,N/A,0.032,0.162,0.035,0.205,0.033,0.245,0.036,0.231,0.035,0.234,0.033,0.155,0.037,0.185,0.037,0.271,0.040,0.215,0.037,0.299,0.041,0.238,0.037,0.237,0.032,0.169,0.036,0.215,0.036,0.240,0.040,0.070,0.034,0.254,0.037,0.250
,,587,N/A,N/A,N/A,0.033,0.164,0.035,0.207,0.034,0.248,0.036,0.234,0.035,0.237,0.033,0.157,0.037,0.187,0.037,0.275,0.040,0.218,0.038,0.303,0.042,0.241,0.038,0.240,0.032,0.172,0.036,0.218,0.037,0.243,0.040,0.071,0.035,0.257,0.037,0.254
,,588,N/A,N/A,N/A,0.033,0.167,0.035,0.210,0.034,0.251,0.037,0.237,0.036,0.240,0.034,0.159,0.037,0.189,0.038,0.279,0.040,0.220,0.038,0.307,0.042,0.244,0.038,0.243,0.033,0.174,0.036,0.221,0.037,0.247,0.041,0.072,0.035,0.261,0.038,0.258
,,589,N/A,N/A,N/A,0.033,0.169,0.036,0.212,0.035,0.254,0.037,0.241,0.036,0.244,0.034,0.162,0.038,0.192,0.038,0.283,0.041,0.223,0.039,0.311,0.043,0.248,0.038,0.246,0.033,0.176,0.037,0.224,0.038,0.249,0.041,0.073,0.035,0.264,0.038,0.261
,,590,N/A,N/A,N/A,0.034,0.172,0.036,0.215,0.035,0.258,0.037,0.244,0.037,0.248,0.035,0.164,0.038,0.194,0.039,0.286,0.041,0.225,0.039,0.314,0.043,0.251,0.039,0.249,0.033,0.178,0.037,0.227,0.038,0.253,0.041,0.074,0.036,0.268,0.039,0.265
,,591,N/A,N/A,N/A,0.034,0.173,0.036,0.217,0.035,0.260,0.038,0.246,0.037,0.251,0.035,0.166,0.039,0.197,0.039,0.289,0.042,0.228,0.039,0.317,0.044,0.253,0.039,0.252,0.034,0.181,0.038,0.230,0.039,0.256,0.042,0.075,0.036,0.272,0.039,0.268
,,592,N/A,N/A,N/A,0.034,0.175,0.037,0.219,0.035,0.263,0.038,0.249,0.038,0.255,0.035,0.167,0.039,0.200,0.039,0.293,0.042,0.229,0.040,0.320,0.044,0.254,0.040,0.254,0.034,0.182,0.038,0.232,0.039,0.259,0.042,0.075,0.037,0.275,0.039,0.271
,,593,N/A,N/A,N/A,0.035,0.177,0.037,0.221,0.036,0.265,0.038,0.252,0.038,0.258,0.036,0.168,0.040,0.202,0.040,0.295,0.042,0.231,0.040,0.322,0.044,0.256,0.040,0.256,0.034,0.183,0.038,0.235,0.039,0.262,0.043,0.076,0.037,0.278,0.040,0.273
,,594,N/A,N/A,N/A,0.035,0.179,0.037,0.222,0.036,0.268,0.039,0.253,0.038,0.260,0.036,0.170,0.040,0.204,0.040,0.297,0.042,0.233,0.040,0.323,0.044,0.257,0.040,0.258,0.034,0.184,0.039,0.237,0.039,0.263,0.043,0.076,0.037,0.280,0.040,0.275
,,595,N/A,N/A,N/A,0.035,0.180,0.037,0.223,0.036,0.270,0.039,0.254,0.038,0.262,0.036,0.171,0.040,0.205,0.040,0.299,0.043,0.235,0.040,0.324,0.044,0.258,0.040,0.260,0.034,0.184,0.039,0.239,0.040,0.265,0.043,0.077,0.037,0.282,0.040,0.277
,,596,N/A,N/A,N/A,0.035,0.181,0.038,0.226,0.037,0.272,0.039,0.255,0.039,0.264,0.036,0.172,0.040,0.206,0.040,0.301,0.043,0.237,0.040,0.326,0.044,0.260,0.040,0.262,0.034,0.185,0.039,0.242,0.040,0.268,0.043,0.078,0.038,0.284,0.040,0.278
,,597,N/A,N/A,N/A,0.036,0.182,0.038,0.228,0.037,0.274,0.039,0.256,0.039,0.266,0.036,0.172,0.040,0.207,0.040,0.302,0.043,0.238,0.040,0.327,0.045,0.261,0.041,0.264,0.034,0.186,0.040,0.244,0.040,0.270,0.043,0.078,0.038,0.287,0.040,0.279
,,598,N/A,N/A,N/A,0.036,0.183,0.038,0.229,0.037,0.275,0.039,0.258,0.039,0.268,0.036,0.173,0.041,0.208,0.040,0.303,0.043,0.239,0.040,0.329,0.045,0.263,0.041,0.266,0.035,0.187,0.040,0.245,0.040,0.271,0.044,0.078,0.038,0.290,0.040,0.280
,,599,N/A,N/A,N/A,0.036,0.183,0.038,0.230,0.037,0.276,0.039,0.259,0.039,0.270,0.036,0.173,0.041,0.210,0.040,0.303,0.043,0.240,0.040,0.331,0.045,0.264,0.041,0.267,0.035,0.189,0.040,0.246,0.040,0.272,0.044,0.079,0.038,0.292,0.040,0.281
,,600,N/A,N/A,N/A,0.036,0.184,0.038,0.231,0.037,0.279,0.039,0.260,0.039,0.271,0.036,0.174,0.041,0.211,0.041,0.305,0.043,0.241,0.041,0.333,0.045,0.265,0.041,0.268,0.035,0.190,0.040,0.247,0.041,0.273,0.044,0.079,0.039,0.294,0.041,0.283
,,601,N/A,N/A,N/A,0.036,0.185,0.038,0.232,0.038,0.282,0.039,0.262,0.039,0.272,0.036,0.175,0.041,0.212,0.041,0.308,0.043,0.242,0.041,0.335,0.045,0.267,0.041,0.269,0.035,0.192,0.040,0.249,0.041,0.275,0.044,0.080,0.039,0.296,0.041,0.285
,,602,N/A,N/A,N/A,0.036,0.187,0.039,0.234,0.038,0.285,0.040,0.264,0.040,0.274,0.037,0.176,0.041,0.214,0.041,0.310,0.044,0.244,0.041,0.338,0.046,0.269,0.042,0.272,0.036,0.194,0.041,0.252,0.041,0.277,0.044,0.080,0.039,0.299,0.041,0.288
,,603,N/A,N/A,N/A,0.036,0.188,0.039,0.236,0.038,0.289,0.040,0.267,0.040,0.276,0.037,0.178,0.042,0.217,0.041,0.313,0.044,0.246,0.041,0.342,0.046,0.272,0.042,0.275,0.036,0.197,0.041,0.255,0.041,0.280,0.045,0.081,0.040,0.303,0.042,0.292
,,604,N/A,N/A,N/A,0.037,0.191,0.039,0.240,0.039,0.294,0.041,0.271,0.041,0.280,0.038,0.181,0.042,0.220,0.042,0.318,0.045,0.249,0.042,0.346,0.047,0.276,0.043,0.279,0.037,0.201,0.041,0.258,0.042,0.283,0.045,0.083,0.040,0.307,0.042,0.297
,,605,N/A,N/A,N/A,0.038,0.195,0.040,0.244,0.040,0.299,0.041,0.276,0.041,0.286,0.038,0.184,0.043,0.223,0.043,0.324,0.045,0.253,0.043,0.352,0.047,0.279,0.043,0.284,0.038,0.206,0.042,0.262,0.042,0.288,0.046,0.084,0.041,0.313,0.043,0.302
,,606,N/A,N/A,N/A,0.039,0.201,0.041,0.249,0.040,0.306,0.042,0.283,0.042,0.292,0.039,0.188,0.044,0.227,0.044,0.331,0.046,0.258,0.043,0.360,0.048,0.285,0.044,0.291,0.038,0.211,0.043,0.267,0.043,0.294,0.047,0.085,0.042,0.319,0.044,0.308
,,607,N/A,N/A,N/A,0.040,0.206,0.042,0.254,0.041,0.313,0.043,0.290,0.043,0.299,0.040,0.192,0.044,0.232,0.045,0.339,0.047,0.264,0.044,0.368,0.049,0.291,0.045,0.298,0.039,0.216,0.044,0.273,0.044,0.301,0.048,0.087,0.042,0.326,0.045,0.316
,,608,N/A,N/A,N/A,0.041,0.213,0.042,0.260,0.042,0.321,0.044,0.298,0.044,0.306,0.041,0.198,0.046,0.238,0.046,0.349,0.048,0.271,0.045,0.377,0.050,0.298,0.046,0.306,0.040,0.223,0.045,0.281,0.045,0.309,0.049,0.089,0.043,0.334,0.046,0.325
,,609,N/A,N/A,N/A,0.042,0.219,0.044,0.268,0.044,0.331,0.046,0.307,0.045,0.315,0.042,0.205,0.047,0.245,0.047,0.360,0.049,0.279,0.047,0.387,0.051,0.305,0.047,0.314,0.042,0.230,0.046,0.289,0.046,0.318,0.050,0.091,0.045,0.345,0.047,0.335
,,610,N/A,N/A,N/A,0.043,0.227,0.045,0.277,0.045,0.343,0.047,0.316,0.047,0.326,0.043,0.212,0.048,0.252,0.049,0.372,0.051,0.288,0.048,0.399,0.053,0.314,0.049,0.324,0.043,0.238,0.047,0.299,0.048,0.329,0.051,0.094,0.046,0.356,0.049,0.346
,,611,N/A,N/A,N/A,0.045,0.236,0.047,0.288,0.047,0.356,0.048,0.327,0.048,0.337,0.045,0.220,0.050,0.261,0.050,0.385,0.053,0.298,0.049,0.412,0.054,0.324,0.050,0.334,0.045,0.247,0.049,0.310,0.050,0.341,0.053,0.097,0.048,0.369,0.050,0.357
,,612,N/A,N/A,N/A,0.047,0.245,0.049,0.300,0.048,0.369,0.050,0.339,0.050,0.349,0.047,0.229,0.052,0.271,0.052,0.399,0.054,0.308,0.051,0.427,0.056,0.335,0.052,0.346,0.046,0.256,0.051,0.321,0.051,0.353,0.055,0.100,0.049,0.383,0.052,0.370
,,613,N/A,N/A,N/A,0.048,0.255,0.051,0.312,0.050,0.383,0.052,0.352,0.052,0.362,0.049,0.239,0.053,0.280,0.054,0.414,0.056,0.320,0.053,0.442,0.058,0.346,0.054,0.359,0.048,0.266,0.052,0.332,0.053,0.367,0.056,0.104,0.051,0.398,0.054,0.383
,,614,N/A,N/A,N/A,0.050,0.266,0.053,0.326,0.052,0.399,0.054,0.366,0.053,0.376,0.051,0.248,0.055,0.290,0.056,0.430,0.058,0.332,0.055,0.459,0.060,0.358,0.056,0.373,0.050,0.276,0.054,0.344,0.055,0.382,0.058,0.108,0.053,0.413,0.056,0.397
,,615,N/A,N/A,N/A,0.052,0.277,0.055,0.340,0.054,0.416,0.056,0.381,0.056,0.391,0.053,0.259,0.057,0.301,0.058,0.446,0.060,0.345,0.057,0.478,0.062,0.372,0.058,0.387,0.052,0.288,0.056,0.358,0.057,0.397,0.060,0.112,0.055,0.430,0.058,0.413
,,616,N/A,N/A,N/A,0.054,0.288,0.057,0.354,0.056,0.435,0.058,0.396,0.058,0.407,0.055,0.270,0.059,0.312,0.060,0.464,0.063,0.358,0.059,0.498,0.064,0.386,0.060,0.401,0.054,0.300,0.059,0.373,0.060,0.413,0.063,0.116,0.057,0.448,0.060,0.429
,,617,N/A,N/A,N/A,0.057,0.300,0.059,0.369,0.059,0.454,0.061,0.413,0.060,0.424,0.057,0.282,0.061,0.325,0.062,0.483,0.065,0.372,0.062,0.519,0.066,0.401,0.062,0.416,0.056,0.313,0.061,0.389,0.062,0.429,0.065,0.120,0.060,0.468,0.062,0.447
,,618,N/A,N/A,N/A,0.059,0.312,0.062,0.384,0.061,0.475,0.063,0.429,0.062,0.442,0.060,0.294,0.064,0.338,0.065,0.503,0.067,0.386,0.064,0.541,0.069,0.416,0.064,0.433,0.058,0.327,0.064,0.405,0.064,0.447,0.067,0.125,0.062,0.488,0.065,0.466
,,619,N/A,N/A,N/A,0.061,0.326,0.064,0.401,0.064,0.497,0.065,0.447,0.065,0.461,0.062,0.307,0.066,0.351,0.068,0.524,0.070,0.401,0.067,0.564,0.071,0.432,0.067,0.451,0.061,0.343,0.066,0.422,0.067,0.465,0.070,0.130,0.065,0.510,0.067,0.486
,,620,N/A,N/A,N/A,0.064,0.341,0.067,0.418,0.067,0.519,0.068,0.465,0.068,0.482,0.065,0.321,0.069,0.366,0.070,0.546,0.072,0.417,0.069,0.587,0.074,0.448,0.070,0.469,0.064,0.358,0.069,0.440,0.069,0.484,0.073,0.135,0.068,0.532,0.070,0.505
,,621,N/A,N/A,N/A,0.067,0.356,0.070,0.436,0.070,0.541,0.071,0.486,0.071,0.504,0.068,0.335,0.072,0.381,0.073,0.568,0.075,0.433,0.072,0.611,0.076,0.465,0.072,0.488,0.066,0.374,0.072,0.459,0.072,0.504,0.075,0.141,0.071,0.555,0.073,0.525
,,622,N/A,N/A,N/A,0.070,0.371,0.073,0.454,0.073,0.564,0.074,0.507,0.074,0.527,0.070,0.350,0.074,0.397,0.076,0.591,0.078,0.450,0.075,0.636,0.079,0.482,0.075,0.508,0.069,0.390,0.074,0.478,0.075,0.525,0.078,0.146,0.073,0.578,0.076,0.546
,,623,N/A,N/A,N/A,0.073,0.388,0.075,0.473,0.076,0.589,0.077,0.529,0.077,0.550,0.073,0.365,0.077,0.412,0.079,0.616,0.081,0.468,0.078,0.662,0.082,0.500,0.078,0.528,0.072,0.408,0.077,0.498,0.078,0.547,0.081,0.152,0.076,0.602,0.078,0.568
,,624,N/A,N/A,N/A,0.076,0.406,0.079,0.494,0.079,0.615,0.080,0.552,0.080,0.575,0.076,0.381,0.080,0.428,0.082,0.642,0.084,0.487,0.081,0.691,0.085,0.520,0.081,0.550,0.075,0.427,0.081,0.519,0.081,0.570,0.084,0.158,0.079,0.627,0.081,0.591
,,625,N/A,N/A,N/A,0.079,0.425,0.082,0.516,0.082,0.643,0.083,0.575,0.084,0.600,0.080,0.398,0.083,0.445,0.085,0.669,0.088,0.507,0.084,0.720,0.088,0.541,0.084,0.572,0.079,0.447,0.084,0.542,0.085,0.595,0.087,0.164,0.082,0.654,0.085,0.614
,,626,N/A,N/A,N/A,0.083,0.444,0.086,0.539,0.086,0.673,0.087,0.600,0.087,0.624,0.083,0.416,0.086,0.465,0.089,0.698,0.091,0.528,0.088,0.750,0.092,0.562,0.088,0.597,0.083,0.469,0.088,0.566,0.088,0.621,0.091,0.171,0.086,0.682,0.088,0.639
,,627,N/A,N/A,N/A,0.086,0.464,0.089,0.564,0.090,0.704,0.090,0.626,0.091,0.651,0.087,0.435,0.090,0.486,0.093,0.729,0.095,0.550,0.091,0.783,0.095,0.585,0.091,0.622,0.086,0.492,0.091,0.591,0.092,0.648,0.094,0.178,0.090,0.714,0.091,0.666
,,628,N/A,N/A,N/A,0.090,0.485,0.094,0.592,0.094,0.737,0.094,0.654,0.095,0.680,0.091,0.455,0.094,0.509,0.097,0.762,0.099,0.575,0.095,0.819,0.099,0.610,0.095,0.650,0.091,0.516,0.095,0.618,0.096,0.677,0.098,0.186,0.094,0.748,0.095,0.696
,,629,N/A,N/A,N/A,0.094,0.508,0.098,0.622,0.098,0.773,0.099,0.687,0.099,0.712,0.095,0.477,0.099,0.533,0.101,0.798,0.103,0.602,0.100,0.857,0.103,0.637,0.099,0.680,0.095,0.542,0.100,0.647,0.100,0.709,0.103,0.194,0.098,0.784,0.100,0.729
,,630,N/A,N/A,N/A,0.099,0.533,0.103,0.654,0.103,0.812,0.104,0.722,0.103,0.745,0.100,0.501,0.103,0.559,0.106,0.837,0.108,0.631,0.104,0.899,0.108,0.668,0.104,0.712,0.100,0.570,0.105,0.680,0.105,0.745,0.107,0.204,0.103,0.823,0.105,0.765
,,631,N/A,N/A,N/A,0.104,0.562,0.109,0.689,0.108,0.856,0.109,0.761,0.108,0.783,0.105,0.529,0.108,0.588,0.111,0.881,0.113,0.664,0.110,0.946,0.114,0.702,0.109,0.748,0.105,0.602,0.110,0.715,0.111,0.784,0.113,0.214,0.108,0.866,0.110,0.805
,,632,N/A,N/A,N/A,0.109,0.594,0.115,0.729,0.115,0.906,0.115,0.805,0.114,0.825,0.111,0.559,0.114,0.621,0.118,0.932,0.119,0.700,0.116,0.998,0.120,0.740,0.115,0.787,0.111,0.638,0.116,0.755,0.117,0.829,0.119,0.226,0.114,0.914,0.116,0.850
,,633,N/A,N/A,N/A,0.116,0.632,0.121,0.773,0.122,0.963,0.122,0.855,0.121,0.874,0.117,0.593,0.121,0.659,0.125,0.989,0.126,0.742,0.122,1.058,0.126,0.783,0.121,0.833,0.118,0.679,0.123,0.801,0.124,0.880,0.126,0.240,0.121,0.968,0.122,0.901
,,634,N/A,N/A,N/A,0.124,0.674,0.129,0.825,0.130,1.028,0.130,0.911,0.128,0.932,0.125,0.633,0.129,0.704,0.133,1.053,0.134,0.789,0.130,1.125,0.134,0.832,0.129,0.885,0.126,0.727,0.131,0.855,0.131,0.938,0.134,0.255,0.128,1.032,0.130,0.960
,,635,N/A,N/A,N/A,0.133,0.723,0.138,0.884,0.139,1.102,0.139,0.976,0.137,0.997,0.134,0.679,0.139,0.755,0.142,1.126,0.143,0.842,0.139,1.202,0.143,0.888,0.137,0.946,0.135,0.780,0.140,0.917,0.141,1.004,0.143,0.273,0.137,1.105,0.139,1.027
,,636,N/A,N/A,N/A,0.143,0.779,0.148,0.951,0.149,1.184,0.149,1.049,0.147,1.073,0.144,0.731,0.149,0.814,0.152,1.210,0.153,0.904,0.149,1.291,0.153,0.952,0.147,1.016,0.146,0.841,0.150,0.986,0.151,1.080,0.153,0.293,0.148,1.189,0.149,1.104
,,637,N/A,N/A,N/A,0.154,0.845,0.160,1.027,0.161,1.279,0.161,1.134,0.159,1.159,0.155,0.791,0.161,0.879,0.164,1.307,0.165,0.976,0.160,1.394,0.164,1.025,0.158,1.096,0.158,0.911,0.162,1.065,0.163,1.166,0.165,0.316,0.159,1.286,0.161,1.192
,,638,N/A,N/A,N/A,0.168,0.921,0.174,1.114,0.174,1.389,0.174,1.231,0.172,1.257,0.169,0.859,0.174,0.953,0.177,1.417,0.179,1.058,0.173,1.510,0.177,1.108,0.171,1.188,0.171,0.991,0.175,1.156,0.176,1.264,0.178,0.342,0.172,1.394,0.174,1.291
,,639,N/A,N/A,N/A,0.184,1.007,0.189,1.214,0.189,1.514,0.190,1.340,0.187,1.371,0.184,0.937,0.189,1.038,0.193,1.542,0.194,1.150,0.188,1.641,0.192,1.203,0.186,1.292,0.187,1.082,0.191,1.259,0.191,1.376,0.193,0.371,0.187,1.518,0.189,1.404
,,640,N/A,N/A,N/A,0.201,1.106,0.206,1.327,0.207,1.654,0.207,1.464,0.205,1.500,0.200,1.025,0.206,1.134,0.210,1.683,0.211,1.251,0.205,1.790,0.209,1.309,0.203,1.408,0.204,1.185,0.208,1.375,0.209,1.502,0.210,0.405,0.204,1.658,0.206,1.531
,,641,N/A,N/A,N/A,0.221,1.216,0.225,1.455,0.226,1.812,0.226,1.604,0.224,1.645,0.219,1.123,0.225,1.241,0.229,1.841,0.230,1.367,0.224,1.958,0.228,1.430,0.221,1.541,0.224,1.303,0.228,1.507,0.228,1.644,0.230,0.443,0.224,1.817,0.225,1.676
,,642,N/A,N/A,N/A,0.243,1.339,0.247,1.598,0.248,1.989,0.248,1.762,0.246,1.808,0.240,1.233,0.247,1.362,0.251,2.016,0.252,1.498,0.245,2.146,0.249,1.566,0.242,1.691,0.246,1.434,0.250,1.655,0.250,1.804,0.251,0.486,0.245,1.995,0.246,1.838
,,643,N/A,N/A,N/A,0.267,1.474,0.272,1.758,0.272,2.185,0.272,1.935,0.270,1.987,0.264,1.355,0.271,1.497,0.274,2.211,0.276,1.645,0.268,2.354,0.273,1.717,0.266,1.860,0.271,1.580,0.274,1.820,0.274,1.981,0.275,0.532,0.269,2.192,0.270,2.019
,,644,N/A,N/A,N/A,0.293,1.623,0.298,1.934,0.298,2.400,0.299,2.126,0.296,2.183,0.289,1.490,0.298,1.647,0.300,2.424,0.302,1.806,0.293,2.582,0.299,1.882,0.292,2.045,0.298,1.739,0.301,2.001,0.300,2.175,0.301,0.584,0.295,2.409,0.296,2.216
,,645,N/A,N/A,N/A,0.322,1.785,0.327,2.124,0.326,2.634,0.327,2.333,0.324,2.394,0.317,1.635,0.327,1.809,0.329,2.659,0.331,1.981,0.321,2.832,0.327,2.062,0.320,2.245,0.327,1.912,0.330,2.197,0.329,2.387,0.329,0.639,0.323,2.645,0.324,2.430
,,646,N/A,N/A,N/A,0.353,1.960,0.358,2.328,0.357,2.886,0.358,2.557,0.354,2.623,0.347,1.792,0.357,1.983,0.360,2.912,0.362,2.171,0.352,3.103,0.357,2.257,0.351,2.461,0.358,2.099,0.361,2.408,0.360,2.617,0.360,0.700,0.354,2.901,0.354,2.661
,,647,N/A,N/A,N/A,0.387,2.148,0.391,2.548,0.390,3.157,0.391,2.798,0.387,2.870,0.380,1.963,0.390,2.169,0.393,3.185,0.396,2.373,0.384,3.396,0.389,2.466,0.383,2.692,0.392,2.301,0.395,2.637,0.394,2.865,0.393,0.764,0.387,3.176,0.387,2.911
,,648,N/A,N/A,N/A,0.422,2.348,0.427,2.783,0.426,3.450,0.427,3.058,0.422,3.135,0.414,2.145,0.426,2.370,0.428,3.477,0.431,2.589,0.419,3.711,0.424,2.692,0.418,2.942,0.428,2.516,0.431,2.882,0.430,3.131,0.428,0.835,0.423,3.471,0.422,3.180
,,649,N/A,N/A,N/A,0.460,2.562,0.464,3.035,0.464,3.765,0.465,3.335,0.460,3.418,0.451,2.341,0.464,2.584,0.466,3.789,0.469,2.820,0.456,4.047,0.462,2.935,0.455,3.210,0.466,2.745,0.469,3.144,0.468,3.416,0.466,0.910,0.460,3.786,0.460,3.468
,,650,N/A,N/A,N/A,0.500,2.790,0.504,3.301,0.504,4.099,0.505,3.631,0.500,3.720,0.490,2.548,0.504,2.813,0.506,4.122,0.509,3.068,0.496,4.403,0.502,3.193,0.495,3.493,0.507,2.989,0.510,3.421,0.509,3.719,0.507,0.991,0.500,4.121,0.499,3.774
,,651,N/A,N/A,N/A,0.542,3.032,0.547,3.584,0.547,4.453,0.548,3.944,0.542,4.041,0.532,2.768,0.547,3.056,0.549,4.477,0.552,3.333,0.537,4.780,0.544,3.467,0.536,3.793,0.550,3.249,0.553,3.714,0.552,4.041,0.550,1.076,0.542,4.476,0.542,4.099
,,652,N/A,N/A,N/A,0.587,3.287,0.592,3.886,0.591,4.824,0.593,4.273,0.586,4.379,0.576,3.001,0.591,3.312,0.594,4.851,0.597,3.610,0.581,5.175,0.588,3.755,0.580,4.111,0.595,3.521,0.598,4.022,0.597,4.380,0.594,1.166,0.586,4.846,0.586,4.440
,,653,N/A,N/A,N/A,0.634,3.555,0.639,4.204,0.638,5.211,0.639,4.616,0.633,4.735,0.622,3.245,0.639,3.581,0.641,5.243,0.644,3.900,0.627,5.592,0.635,4.057,0.627,4.445,0.643,3.806,0.645,4.346,0.644,4.733,0.641,1.260,0.632,5.233,0.632,4.798
,,654,N/A,N/A,N/A,0.683,3.836,0.689,4.534,0.687,5.620,0.688,4.977,0.682,5.107,0.670,3.501,0.688,3.862,0.690,5.652,0.693,4.202,0.676,6.042,0.683,4.372,0.675,4.793,0.692,4.104,0.694,4.684,0.693,5.100,0.690,1.358,0.680,5.638,0.681,5.175
,,655,N/A,N/A,N/A,0.733,4.124,0.739,4.873,0.737,6.043,0.738,5.347,0.732,5.489,0.719,3.766,0.738,4.150,0.740,6.075,0.743,4.512,0.727,6.503,0.732,4.696,0.724,5.151,0.742,4.409,0.744,5.031,0.743,5.476,0.740,1.458,0.730,6.062,0.731,5.564
,,656,N/A,N/A,N/A,0.783,4.412,0.790,5.215,0.788,6.471,0.789,5.719,0.782,5.876,0.770,4.038,0.788,4.440,0.792,6.506,0.793,4.823,0.776,6.955,0.782,5.022,0.774,5.515,0.793,4.716,0.795,5.380,0.793,5.854,0.790,1.559,0.782,6.500,0.781,5.957
,,657,N/A,N/A,N/A,0.832,4.695,0.839,5.550,0.839,6.894,0.837,6.083,0.831,6.254,0.820,4.304,0.837,4.724,0.842,6.932,0.841,5.126,0.823,7.388,0.831,5.343,0.823,5.875,0.841,5.014,0.843,5.719,0.842,6.222,0.839,1.658,0.833,6.935,0.830,6.343
,,658,N/A,N/A,N/A,0.878,4.964,0.886,5.866,0.886,7.295,0.883,6.426,0.877,6.612,0.866,4.557,0.883,4.992,0.889,7.331,0.887,5.410,0.867,7.793,0.877,5.648,0.870,6.218,0.887,5.292,0.889,6.036,0.887,6.568,0.885,1.752,0.880,7.344,0.877,6.709
,,659,N/A,N/A,N/A,0.920,5.207,0.927,6.146,0.928,7.648,0.924,6.732,0.919,6.937,0.909,4.789,0.924,5.232,0.930,7.680,0.927,5.667,0.907,8.167,0.918,5.923,0.912,6.530,0.927,5.542,0.929,6.319,0.928,6.877,0.926,1.835,0.923,7.711,0.919,7.039
,,660,N/A,N/A,N/A,0.955,5.412,0.960,6.379,0.961,7.934,0.958,6.988,0.954,7.211,0.946,4.990,0.958,5.430,0.963,7.963,0.961,5.880,0.943,8.505,0.953,6.156,0.948,6.797,0.961,5.752,0.962,6.553,0.961,7.134,0.959,1.905,0.957,8.011,0.953,7.315
,,661,N/A,N/A,N/A,0.981,5.568,0.985,6.551,0.985,8.141,0.983,7.180,0.980,7.419,0.975,5.148,0.983,5.578,0.986,8.167,0.985,6.037,0.975,8.805,0.979,6.334,0.976,7.006,0.985,5.906,0.986,6.726,0.985,7.324,0.984,1.956,0.982,8.230,0.979,7.526
,,662,N/A,N/A,N/A,0.996,5.664,0.998,6.652,0.998,8.263,0.997,7.297,0.996,7.549,0.993,5.253,0.997,5.668,0.999,8.284,0.998,6.128,0.995,9.000,0.995,6.448,0.993,7.144,0.998,5.995,0.999,6.825,0.998,7.434,0.998,1.987,0.996,8.363,0.995,7.659
,,663,N/A,N/A,N/A,1.000,5.694,1.000,6.674,1.000,8.294,1.000,7.330,1.000,7.593,1.000,5.299,1.000,5.694,1.000,8.307,1.000,6.148,1.000,9.058,1.000,6.490,1.000,7.202,1.000,6.014,1.000,6.844,1.000,7.458,1.000,1.995,1.000,8.405,1.000,7.708
,,664,N/A,N/A,N/A,0.991,5.652,0.989,6.611,0.990,8.222,0.990,7.270,0.992,7.542,0.995,5.280,0.991,5.649,0.989,8.228,0.989,6.092,0.991,8.991,0.992,6.451,0.994,7.172,0.989,5.956,0.989,6.776,0.989,7.388,0.990,1.978,0.991,8.346,0.992,7.661
,,665,N/A,N/A,N/A,0.970,5.537,0.965,6.461,0.967,8.041,0.967,7.113,0.971,7.392,0.977,5.194,0.968,5.527,0.965,8.042,0.966,5.959,0.968,8.796,0.972,6.328,0.976,7.050,0.965,5.821,0.965,6.621,0.966,7.224,0.968,1.937,0.970,8.176,0.972,7.513
,,666,N/A,N/A,N/A,0.936,5.354,0.929,6.231,0.931,7.758,0.933,6.871,0.938,7.152,0.947,5.043,0.933,5.339,0.929,7.753,0.932,5.753,0.933,8.492,0.940,6.129,0.945,6.841,0.929,5.615,0.929,6.385,0.931,6.971,0.934,1.872,0.936,7.900,0.939,7.271
,,667,N/A,N/A,N/A,0.892,5.108,0.883,5.930,0.885,7.381,0.888,6.551,0.894,6.830,0.906,4.831,0.888,5.090,0.882,7.368,0.886,5.480,0.889,8.103,0.897,5.859,0.904,6.550,0.884,5.345,0.882,6.076,0.885,6.638,0.890,1.786,0.889,7.520,0.895,6.944
,,668,N/A,N/A,N/A,0.838,4.807,0.828,5.568,0.829,6.926,0.835,6.164,0.842,6.439,0.856,4.568,0.834,4.787,0.825,6.904,0.832,5.151,0.837,7.643,0.845,5.527,0.853,6.189,0.829,5.023,0.827,5.706,0.830,6.235,0.837,1.682,0.834,7.060,0.843,6.543
,,669,N/A,N/A,N/A,0.777,4.465,0.766,5.160,0.766,6.414,0.774,5.724,0.782,5.993,0.798,4.264,0.773,4.444,0.762,6.386,0.770,4.779,0.779,7.122,0.786,5.146,0.794,5.772,0.768,4.660,0.766,5.289,0.768,5.781,0.776,1.563,0.771,6.541,0.782,6.086
,,670,N/A,N/A,N/A,0.711,4.093,0.700,4.723,0.700,5.867,0.709,5.249,0.717,5.504,0.733,3.928,0.708,4.073,0.695,5.838,0.704,4.376,0.715,6.545,0.721,4.731,0.730,5.314,0.702,4.266,0.700,4.840,0.702,5.291,0.711,1.433,0.704,5.981,0.717,5.587
,,671,N/A,N/A,N/A,0.643,3.708,0.633,4.274,0.633,5.310,0.641,4.757,0.650,4.993,0.666,3.574,0.640,3.690,0.628,5.281,0.636,3.960,0.646,5.921,0.654,4.298,0.663,4.834,0.634,3.859,0.632,4.376,0.634,4.785,0.644,1.299,0.636,5.411,0.650,5.070
,,672,N/A,N/A,N/A,0.575,3.320,0.565,3.825,0.566,4.755,0.574,4.261,0.582,4.478,0.599,3.215,0.573,3.307,0.562,4.729,0.569,3.545,0.572,5.256,0.587,3.858,0.596,4.349,0.566,3.453,0.564,3.913,0.566,4.280,0.576,1.165,0.569,4.849,0.583,4.553
,,673,N/A,N/A,N/A,0.509,2.944,0.501,3.391,0.501,4.218,0.508,3.779,0.516,3.975,0.533,2.865,0.508,2.935,0.497,4.193,0.504,3.144,0.503,4.622,0.520,3.428,0.530,3.873,0.501,3.061,0.499,3.468,0.501,3.792,0.511,1.034,0.505,4.305,0.517,4.048
,,674,N/A,N/A,N/A,0.447,2.588,0.439,2.980,0.440,3.709,0.446,3.323,0.453,3.497,0.470,2.530,0.446,2.580,0.436,3.686,0.442,2.765,0.441,4.058,0.458,3.020,0.467,3.417,0.440,2.691,0.438,3.049,0.439,3.329,0.449,0.911,0.443,3.785,0.455,3.565
,,675,N/A,N/A,N/A,0.390,2.259,0.383,2.602,0.384,3.240,0.389,2.904,0.395,3.057,0.411,2.219,0.389,2.253,0.381,3.219,0.386,2.414,0.385,3.548,0.400,2.642,0.408,2.993,0.384,2.351,0.382,2.663,0.383,2.905,0.392,0.797,0.386,3.305,0.397,3.118
,,676,N/A,N/A,N/A,0.338,1.960,0.332,2.260,0.333,2.816,0.338,2.525,0.343,2.659,0.358,1.934,0.337,1.957,0.330,2.797,0.334,2.097,0.334,3.088,0.348,2.301,0.355,2.606,0.333,2.044,0.331,2.312,0.332,2.521,0.341,0.694,0.335,2.872,0.345,2.712
,,677,N/A,N/A,N/A,0.291,1.694,0.287,1.955,0.288,2.438,0.292,2.185,0.297,2.303,0.310,1.678,0.291,1.692,0.285,2.421,0.289,1.813,0.289,2.678,0.301,1.994,0.307,2.259,0.288,1.769,0.286,1.998,0.286,2.179,0.295,0.601,0.290,2.487,0.299,2.350
,,678,N/A,N/A,N/A,0.251,1.461,0.247,1.687,0.248,2.106,0.252,1.885,0.256,1.988,0.268,1.452,0.250,1.457,0.246,2.091,0.249,1.563,0.250,2.317,0.260,1.724,0.265,1.952,0.248,1.527,0.246,1.723,0.246,1.880,0.255,0.520,0.250,2.150,0.258,2.032
,,679,N/A,N/A,N/A,0.216,1.261,0.213,1.455,0.214,1.818,0.216,1.625,0.220,1.713,0.231,1.254,0.215,1.255,0.212,1.806,0.214,1.348,0.216,2.003,0.224,1.489,0.228,1.685,0.214,1.316,0.212,1.485,0.212,1.621,0.220,0.449,0.216,1.855,0.222,1.756
,,680,N/A,N/A,N/A,0.187,1.090,0.184,1.257,0.185,1.570,0.187,1.403,0.190,1.478,0.199,1.083,0.186,1.084,0.183,1.561,0.185,1.165,0.186,1.732,0.193,1.288,0.197,1.457,0.184,1.136,0.183,1.283,0.183,1.401,0.190,0.388,0.186,1.601,0.192,1.519
,,681,N/A,N/A,N/A,0.161,0.944,0.159,1.089,0.160,1.360,0.161,1.216,0.164,1.280,0.173,0.939,0.161,0.940,0.159,1.353,0.160,1.011,0.161,1.501,0.168,1.117,0.171,1.263,0.159,0.984,0.158,1.113,0.159,1.216,0.165,0.337,0.161,1.387,0.167,1.320
,,682,N/A,N/A,N/A,0.140,0.822,0.138,0.948,0.139,1.184,0.140,1.059,0.143,1.115,0.150,0.818,0.140,0.819,0.138,1.179,0.139,0.882,0.140,1.308,0.146,0.974,0.148,1.099,0.139,0.857,0.138,0.971,0.138,1.061,0.144,0.295,0.140,1.209,0.145,1.151
,,683,N/A,N/A,N/A,0.123,0.720,0.121,0.831,0.122,1.038,0.123,0.929,0.125,0.979,0.131,0.716,0.122,0.718,0.121,1.034,0.122,0.775,0.123,1.148,0.128,0.857,0.130,0.962,0.121,0.751,0.121,0.853,0.121,0.932,0.126,0.260,0.122,1.060,0.127,1.010
,,684,N/A,N/A,N/A,0.108,0.636,0.107,0.735,0.107,0.917,0.109,0.822,0.110,0.865,0.115,0.631,0.108,0.635,0.107,0.913,0.108,0.686,0.109,1.015,0.113,0.759,0.114,0.849,0.107,0.663,0.107,0.756,0.107,0.824,0.112,0.230,0.108,0.936,0.112,0.891
,,685,N/A,N/A,N/A,0.096,0.566,0.095,0.654,0.095,0.817,0.097,0.734,0.098,0.771,0.102,0.560,0.096,0.565,0.095,0.814,0.096,0.613,0.097,0.906,0.101,0.676,0.101,0.755,0.095,0.590,0.096,0.676,0.096,0.736,0.100,0.206,0.096,0.835,0.100,0.793
,,686,N/A,N/A,N/A,0.086,0.508,0.085,0.588,0.085,0.734,0.087,0.661,0.088,0.692,0.092,0.502,0.086,0.508,0.085,0.731,0.087,0.552,0.087,0.815,0.090,0.607,0.091,0.677,0.085,0.529,0.086,0.610,0.086,0.664,0.090,0.185,0.086,0.750,0.089,0.712
,,687,N/A,N/A,N/A,0.078,0.461,0.077,0.533,0.077,0.664,0.079,0.602,0.080,0.627,0.083,0.454,0.078,0.460,0.077,0.662,0.079,0.501,0.079,0.739,0.082,0.550,0.082,0.613,0.077,0.478,0.078,0.554,0.078,0.604,0.081,0.168,0.078,0.680,0.081,0.645
,,688,N/A,N/A,N/A,0.071,0.420,0.070,0.487,0.070,0.606,0.073,0.553,0.073,0.572,0.075,0.413,0.071,0.421,0.070,0.605,0.072,0.459,0.072,0.677,0.075,0.502,0.075,0.560,0.070,0.435,0.072,0.508,0.072,0.553,0.074,0.154,0.071,0.620,0.074,0.590
,,689,N/A,N/A,N/A,0.065,0.386,0.065,0.448,0.065,0.557,0.067,0.511,0.067,0.526,0.069,0.379,0.066,0.388,0.065,0.558,0.066,0.423,0.066,0.624,0.069,0.463,0.069,0.517,0.064,0.400,0.066,0.468,0.066,0.511,0.068,0.141,0.065,0.570,0.068,0.543
,,690,N/A,N/A,N/A,0.060,0.357,0.060,0.416,0.060,0.516,0.062,0.475,0.061,0.486,0.063,0.350,0.061,0.360,0.060,0.518,0.061,0.393,0.061,0.579,0.064,0.429,0.064,0.479,0.059,0.370,0.061,0.434,0.061,0.474,0.063,0.131,0.060,0.527,0.063,0.503
,,691,N/A,N/A,N/A,0.056,0.331,0.056,0.388,0.055,0.480,0.058,0.443,0.057,0.452,0.059,0.325,0.056,0.335,0.056,0.483,0.057,0.367,0.057,0.539,0.059,0.401,0.059,0.446,0.055,0.344,0.057,0.404,0.057,0.442,0.059,0.122,0.056,0.492,0.058,0.467
,,692,N/A,N/A,N/A,0.052,0.308,0.052,0.362,0.052,0.448,0.054,0.414,0.053,0.422,0.055,0.302,0.053,0.313,0.052,0.453,0.054,0.344,0.053,0.505,0.055,0.375,0.055,0.415,0.051,0.322,0.053,0.377,0.053,0.412,0.054,0.113,0.052,0.460,0.054,0.436
,,693,N/A,N/A,N/A,0.048,0.289,0.049,0.339,0.048,0.419,0.051,0.388,0.050,0.395,0.051,0.283,0.049,0.292,0.049,0.425,0.050,0.323,0.050,0.475,0.052,0.352,0.052,0.389,0.048,0.301,0.049,0.353,0.049,0.385,0.051,0.106,0.049,0.432,0.051,0.408
,,694,N/A,N/A,N/A,0.045,0.271,0.046,0.318,0.045,0.393,0.047,0.364,0.047,0.370,0.048,0.265,0.046,0.274,0.046,0.399,0.047,0.303,0.047,0.447,0.049,0.331,0.048,0.366,0.045,0.282,0.046,0.331,0.046,0.361,0.048,0.099,0.046,0.406,0.048,0.383
,,695,N/A,N/A,N/A,0.043,0.255,0.043,0.299,0.042,0.368,0.044,0.341,0.044,0.348,0.045,0.249,0.043,0.257,0.043,0.375,0.044,0.285,0.044,0.420,0.046,0.311,0.046,0.344,0.042,0.264,0.043,0.311,0.043,0.339,0.045,0.093,0.043,0.381,0.045,0.360
,,696,N/A,N/A,N/A,0.040,0.239,0.040,0.281,0.040,0.345,0.041,0.319,0.041,0.327,0.042,0.234,0.040,0.241,0.040,0.352,0.041,0.268,0.041,0.394,0.043,0.294,0.043,0.323,0.039,0.249,0.041,0.292,0.041,0.319,0.042,0.088,0.041,0.358,0.042,0.338
,,697,N/A,N/A,N/A,0.038,0.225,0.038,0.264,0.037,0.323,0.039,0.299,0.039,0.308,0.040,0.220,0.038,0.226,0.038,0.331,0.039,0.252,0.039,0.369,0.041,0.277,0.040,0.304,0.037,0.234,0.038,0.274,0.038,0.300,0.039,0.083,0.038,0.337,0.039,0.317
,,698,N/A,N/A,N/A,0.035,0.211,0.035,0.249,0.035,0.303,0.036,0.280,0.036,0.289,0.037,0.207,0.035,0.212,0.036,0.312,0.037,0.237,0.036,0.345,0.038,0.261,0.038,0.286,0.035,0.221,0.036,0.257,0.036,0.283,0.037,0.078,0.036,0.317,0.037,0.297
,,699,N/A,N/A,N/A,0.033,0.198,0.033,0.235,0.032,0.284,0.034,0.263,0.034,0.271,0.035,0.194,0.033,0.199,0.033,0.293,0.034,0.223,0.034,0.323,0.036,0.246,0.035,0.268,0.033,0.207,0.034,0.242,0.034,0.266,0.035,0.073,0.034,0.297,0.034,0.277
,,700,N/A,N/A,N/A,0.031,0.186,0.031,0.221,0.030,0.266,0.032,0.247,0.032,0.254,0.032,0.181,0.031,0.186,0.031,0.274,0.032,0.210,0.032,0.302,0.034,0.231,0.033,0.251,0.031,0.194,0.031,0.228,0.032,0.250,0.033,0.069,0.031,0.279,0.032,0.259
,,701,N/A,N/A,N/A,0.029,0.175,0.029,0.207,0.028,0.248,0.030,0.231,0.030,0.238,0.030,0.169,0.029,0.174,0.029,0.256,0.030,0.197,0.030,0.283,0.032,0.216,0.031,0.235,0.029,0.182,0.030,0.215,0.030,0.234,0.031,0.065,0.029,0.260,0.030,0.242
,,702,N/A,N/A,N/A,0.027,0.164,0.027,0.193,0.026,0.231,0.028,0.217,0.028,0.223,0.028,0.158,0.027,0.162,0.027,0.240,0.028,0.185,0.028,0.266,0.029,0.202,0.029,0.220,0.027,0.170,0.028,0.202,0.028,0.219,0.029,0.061,0.027,0.243,0.028,0.225
,,703,N/A,N/A,N/A,0.025,0.153,0.026,0.181,0.025,0.216,0.026,0.203,0.026,0.208,0.026,0.148,0.025,0.152,0.025,0.224,0.027,0.173,0.026,0.249,0.027,0.188,0.027,0.206,0.025,0.159,0.026,0.189,0.026,0.206,0.027,0.058,0.025,0.226,0.026,0.210
,,704,N/A,N/A,N/A,0.024,0.143,0.024,0.170,0.023,0.202,0.025,0.191,0.024,0.195,0.025,0.139,0.024,0.143,0.024,0.209,0.025,0.163,0.024,0.234,0.025,0.175,0.025,0.193,0.023,0.149,0.024,0.177,0.024,0.193,0.026,0.054,0.024,0.211,0.024,0.196
,,705,N/A,N/A,N/A,0.022,0.134,0.023,0.160,0.021,0.188,0.023,0.179,0.023,0.183,0.023,0.130,0.022,0.134,0.022,0.196,0.023,0.153,0.023,0.220,0.024,0.164,0.023,0.180,0.022,0.139,0.023,0.165,0.023,0.182,0.024,0.051,0.022,0.197,0.022,0.183
,,706,N/A,N/A,N/A,0.021,0.125,0.021,0.150,0.020,0.176,0.022,0.168,0.021,0.171,0.022,0.121,0.021,0.125,0.021,0.183,0.022,0.143,0.021,0.207,0.022,0.153,0.022,0.168,0.020,0.130,0.021,0.154,0.021,0.170,0.023,0.048,0.021,0.184,0.021,0.171
,,707,N/A,N/A,N/A,0.019,0.117,0.020,0.141,0.019,0.165,0.020,0.158,0.020,0.160,0.020,0.113,0.019,0.117,0.019,0.171,0.020,0.134,0.020,0.196,0.021,0.144,0.020,0.157,0.019,0.122,0.020,0.144,0.020,0.160,0.021,0.045,0.019,0.173,0.020,0.160
,,708,N/A,N/A,N/A,0.018,0.109,0.018,0.132,0.017,0.154,0.019,0.148,0.018,0.150,0.019,0.105,0.018,0.110,0.018,0.160,0.019,0.127,0.019,0.185,0.019,0.135,0.019,0.148,0.018,0.114,0.018,0.134,0.019,0.150,0.020,0.042,0.018,0.161,0.018,0.150
,,709,N/A,N/A,N/A,0.017,0.102,0.017,0.123,0.016,0.144,0.018,0.139,0.017,0.140,0.017,0.098,0.017,0.103,0.017,0.150,0.018,0.120,0.018,0.175,0.018,0.126,0.018,0.138,0.017,0.106,0.017,0.126,0.018,0.141,0.019,0.040,0.017,0.151,0.017,0.140
,,710,N/A,N/A,N/A,0.016,0.095,0.016,0.116,0.015,0.135,0.017,0.130,0.016,0.132,0.016,0.091,0.016,0.096,0.016,0.141,0.017,0.113,0.017,0.165,0.017,0.119,0.017,0.130,0.016,0.100,0.016,0.118,0.016,0.131,0.018,0.038,0.016,0.142,0.016,0.131
,,711,N/A,N/A,N/A,0.015,0.089,0.015,0.109,0.014,0.126,0.016,0.122,0.015,0.125,0.015,0.085,0.015,0.090,0.015,0.133,0.016,0.106,0.016,0.156,0.016,0.112,0.016,0.121,0.015,0.095,0.015,0.110,0.015,0.123,0.017,0.036,0.015,0.134,0.015,0.123
,,712,N/A,N/A,N/A,0.014,0.084,0.014,0.104,0.013,0.119,0.015,0.116,0.014,0.118,0.014,0.080,0.014,0.084,0.014,0.125,0.015,0.100,0.015,0.147,0.015,0.106,0.015,0.113,0.014,0.089,0.014,0.103,0.015,0.116,0.016,0.034,0.014,0.126,0.014,0.116
,,713,N/A,N/A,N/A,0.013,0.080,0.014,0.098,0.013,0.113,0.014,0.110,0.014,0.111,0.013,0.076,0.013,0.080,0.013,0.118,0.014,0.095,0.014,0.139,0.014,0.101,0.014,0.106,0.013,0.085,0.013,0.096,0.014,0.110,0.015,0.032,0.013,0.120,0.013,0.110
,,714,N/A,N/A,N/A,0.012,0.076,0.013,0.093,0.012,0.107,0.013,0.104,0.013,0.105,0.013,0.073,0.012,0.076,0.012,0.112,0.014,0.090,0.014,0.132,0.014,0.096,0.013,0.101,0.013,0.081,0.012,0.092,0.013,0.105,0.014,0.030,0.013,0.114,0.013,0.105
,,715,N/A,N/A,N/A,0.012,0.072,0.012,0.088,0.011,0.102,0.013,0.099,0.012,0.100,0.012,0.070,0.012,0.073,0.012,0.106,0.013,0.086,0.013,0.125,0.013,0.092,0.012,0.097,0.012,0.078,0.012,0.088,0.012,0.100,0.013,0.029,0.012,0.109,0.012,0.100
,,716,N/A,N/A,N/A,0.011,0.068,0.012,0.084,0.011,0.098,0.012,0.094,0.012,0.096,0.012,0.066,0.011,0.070,0.011,0.100,0.012,0.082,0.012,0.118,0.013,0.088,0.012,0.094,0.011,0.075,0.011,0.085,0.012,0.096,0.013,0.028,0.011,0.104,0.011,0.096
,,717,N/A,N/A,N/A,0.011,0.065,0.011,0.080,0.010,0.094,0.011,0.090,0.011,0.092,0.011,0.063,0.011,0.067,0.011,0.096,0.012,0.079,0.012,0.113,0.012,0.085,0.012,0.091,0.011,0.072,0.011,0.082,0.011,0.092,0.013,0.027,0.011,0.099,0.011,0.091
,,718,N/A,N/A,N/A,0.010,0.062,0.011,0.077,0.010,0.090,0.011,0.087,0.011,0.089,0.011,0.061,0.010,0.064,0.010,0.093,0.011,0.077,0.011,0.109,0.012,0.082,0.011,0.088,0.011,0.069,0.011,0.079,0.011,0.089,0.012,0.026,0.010,0.096,0.010,0.088
,,719,N/A,N/A,N/A,0.010,0.060,0.010,0.074,0.010,0.087,0.011,0.084,0.010,0.085,0.010,0.059,0.010,0.061,0.010,0.090,0.011,0.074,0.011,0.105,0.011,0.079,0.011,0.085,0.010,0.067,0.010,0.076,0.011,0.086,0.012,0.026,0.010,0.093,0.010,0.085
,,720,N/A,N/A,N/A,0.009,0.058,0.010,0.071,0.009,0.085,0.010,0.082,0.010,0.082,0.010,0.057,0.010,0.059,0.010,0.087,0.011,0.071,0.010,0.103,0.011,0.076,0.011,0.083,0.010,0.064,0.010,0.073,0.010,0.083,0.012,0.026,0.010,0.090,0.010,0.083
,,721,N/A,N/A,N/A,0.009,0.056,0.009,0.069,0.009,0.082,0.010,0.080,0.010,0.079,0.010,0.056,0.009,0.057,0.009,0.084,0.010,0.069,0.010,0.100,0.011,0.074,0.010,0.081,0.009,0.062,0.009,0.071,0.010,0.081,0.012,0.025,0.010,0.088,0.010,0.081
,,722,N/A,N/A,N/A,0.009,0.054,0.009,0.066,0.009,0.079,0.010,0.078,0.009,0.076,0.010,0.055,0.009,0.056,0.009,0.081,0.010,0.068,0.010,0.097,0.010,0.072,0.010,0.080,0.009,0.059,0.009,0.069,0.010,0.080,0.011,0.025,0.009,0.086,0.009,0.079
,,723,N/A,N/A,N/A,0.008,0.052,0.009,0.065,0.008,0.077,0.010,0.077,0.009,0.074,0.009,0.054,0.009,0.054,0.009,0.079,0.010,0.066,0.010,0.095,0.010,0.071,0.010,0.078,0.009,0.057,0.009,0.067,0.010,0.079,0.011,0.025,0.009,0.084,0.009,0.077
,,724,N/A,N/A,N/A,0.008,0.050,0.009,0.063,0.008,0.074,0.009,0.075,0.009,0.073,0.009,0.053,0.009,0.053,0.009,0.078,0.010,0.064,0.009,0.094,0.010,0.069,0.010,0.077,0.008,0.055,0.009,0.066,0.010,0.078,0.011,0.025,0.009,0.081,0.009,0.074
,,725,N/A,N/A,N/A,0.008,0.049,0.008,0.062,0.008,0.072,0.009,0.074,0.009,0.071,0.009,0.051,0.008,0.052,0.008,0.077,0.009,0.063,0.009,0.092,0.010,0.069,0.010,0.076,0.008,0.052,0.009,0.064,0.009,0.077,0.011,0.025,0.009,0.079,0.009,0.072
,,726,N/A,N/A,N/A,0.008,0.048,0.008,0.061,0.008,0.071,0.009,0.073,0.008,0.069,0.009,0.050,0.008,0.051,0.008,0.076,0.009,0.063,0.009,0.090,0.010,0.068,0.009,0.075,0.008,0.050,0.008,0.063,0.009,0.076,0.011,0.024,0.008,0.077,0.008,0.070
,,727,N/A,N/A,N/A,0.008,0.047,0.008,0.059,0.008,0.070,0.009,0.072,0.008,0.067,0.008,0.049,0.008,0.051,0.008,0.075,0.009,0.063,0.009,0.088,0.009,0.067,0.009,0.073,0.007,0.049,0.008,0.062,0.009,0.075,0.011,0.024,0.008,0.076,0.008,0.069
,,728,N/A,N/A,N/A,0.007,0.046,0.008,0.058,0.007,0.068,0.009,0.071,0.008,0.065,0.008,0.048,0.008,0.050,0.008,0.074,0.009,0.062,0.009,0.087,0.009,0.066,0.009,0.072,0.007,0.048,0.008,0.060,0.009,0.073,0.011,0.024,0.008,0.075,0.008,0.067
,,729,N/A,N/A,N/A,0.007,0.045,0.008,0.057,0.007,0.066,0.009,0.071,0.008,0.063,0.008,0.048,0.008,0.050,0.008,0.072,0.009,0.062,0.009,0.085,0.009,0.065,0.009,0.071,0.007,0.046,0.008,0.059,0.009,0.071,0.011,0.024,0.008,0.074,0.008,0.066
,,730,N/A,N/A,N/A,0.007,0.044,0.008,0.056,0.007,0.065,0.009,0.070,0.007,0.061,0.008,0.047,0.008,0.050,0.008,0.070,0.009,0.061,0.008,0.084,0.009,0.064,0.009,0.070,0.007,0.045,0.008,0.059,0.008,0.069,0.011,0.024,0.008,0.073,0.008,0.065
,,731,N/A,N/A,N/A,0.007,0.043,0.007,0.055,0.007,0.063,0.009,0.069,0.007,0.060,0.008,0.046,0.008,0.049,0.007,0.068,0.009,0.061,0.008,0.082,0.009,0.063,0.009,0.069,0.007,0.045,0.008,0.059,0.008,0.068,0.011,0.023,0.008,0.072,0.007,0.063
,,732,N/A,N/A,N/A,0.007,0.042,0.007,0.054,0.007,0.062,0.008,0.068,0.007,0.059,0.008,0.045,0.008,0.049,0.007,0.065,0.009,0.060,0.008,0.082,0.009,0.063,0.008,0.067,0.007,0.045,0.008,0.059,0.008,0.066,0.010,0.023,0.008,0.071,0.007,0.062
,,733,N/A,N/A,N/A,0.007,0.042,0.007,0.052,0.007,0.061,0.008,0.066,0.007,0.058,0.007,0.043,0.008,0.048,0.007,0.063,0.009,0.060,0.008,0.081,0.009,0.062,0.008,0.065,0.007,0.045,0.008,0.060,0.008,0.063,0.010,0.022,0.007,0.069,0.007,0.062
,,734,N/A,N/A,N/A,0.007,0.041,0.007,0.051,0.007,0.060,0.008,0.064,0.007,0.057,0.007,0.043,0.008,0.048,0.007,0.061,0.009,0.060,0.008,0.079,0.009,0.061,0.008,0.064,0.007,0.045,0.008,0.060,0.007,0.061,0.010,0.022,0.007,0.069,0.007,0.061
,,735,N/A,N/A,N/A,0.007,0.041,0.007,0.050,0.006,0.059,0.008,0.063,0.007,0.056,0.007,0.043,0.007,0.047,0.007,0.060,0.009,0.059,0.008,0.078,0.008,0.060,0.008,0.063,0.007,0.045,0.008,0.060,0.007,0.058,0.010,0.022,0.007,0.068,0.007,0.060
,,736,N/A,N/A,N/A,0.006,0.041,0.007,0.049,0.006,0.058,0.008,0.062,0.007,0.055,0.007,0.042,0.007,0.045,0.006,0.059,0.009,0.058,0.008,0.076,0.008,0.058,0.008,0.062,0.007,0.044,0.008,0.059,0.007,0.056,0.010,0.022,0.007,0.067,0.007,0.059
,,737,N/A,N/A,N/A,0.006,0.040,0.006,0.048,0.006,0.056,0.008,0.061,0.006,0.054,0.007,0.042,0.007,0.043,0.006,0.058,0.008,0.057,0.007,0.074,0.008,0.056,0.008,0.061,0.006,0.043,0.008,0.059,0.007,0.055,0.010,0.021,0.007,0.065,0.007,0.058
,,738,N/A,N/A,N/A,0.006,0.039,0.006,0.048,0.006,0.054,0.007,0.060,0.006,0.053,0.007,0.040,0.007,0.042,0.006,0.057,0.008,0.056,0.007,0.073,0.008,0.055,0.007,0.059,0.006,0.041,0.008,0.058,0.006,0.054,0.009,0.021,0.007,0.064,0.007,0.056
,,739,N/A,N/A,N/A,0.006,0.038,0.006,0.047,0.006,0.053,0.007,0.059,0.006,0.052,0.007,0.039,0.006,0.040,0.006,0.057,0.008,0.054,0.007,0.071,0.007,0.054,0.007,0.057,0.006,0.040,0.007,0.057,0.006,0.053,0.009,0.021,0.007,0.062,0.006,0.055
,,740,N/A,N/A,N/A,0.006,0.037,0.006,0.047,0.006,0.052,0.007,0.057,0.006,0.051,0.006,0.038,0.006,0.039,0.006,0.056,0.008,0.052,0.007,0.069,0.007,0.053,0.007,0.056,0.006,0.040,0.007,0.056,0.006,0.053,0.009,0.021,0.006,0.059,0.006,0.054
,,741,N/A,N/A,N/A,0.006,0.036,0.006,0.045,0.005,0.050,0.007,0.056,0.006,0.051,0.006,0.037,0.006,0.038,0.006,0.055,0.007,0.050,0.007,0.067,0.007,0.052,0.007,0.055,0.006,0.039,0.007,0.055,0.006,0.052,0.009,0.021,0.006,0.057,0.006,0.054
,,742,N/A,N/A,N/A,0.006,0.035,0.006,0.044,0.005,0.049,0.007,0.055,0.006,0.051,0.006,0.036,0.006,0.037,0.006,0.054,0.007,0.048,0.006,0.065,0.007,0.050,0.007,0.053,0.006,0.037,0.007,0.053,0.006,0.050,0.009,0.020,0.006,0.055,0.006,0.053
,,743,N/A,N/A,N/A,0.005,0.035,0.006,0.043,0.005,0.048,0.007,0.054,0.006,0.050,0.006,0.036,0.006,0.037,0.006,0.054,0.007,0.046,0.006,0.063,0.007,0.050,0.006,0.052,0.005,0.036,0.007,0.051,0.006,0.049,0.009,0.020,0.006,0.052,0.006,0.052
,,744,N/A,N/A,N/A,0.005,0.035,0.006,0.043,0.005,0.047,0.006,0.053,0.006,0.049,0.006,0.035,0.006,0.036,0.006,0.054,0.006,0.045,0.006,0.061,0.007,0.049,0.006,0.051,0.005,0.035,0.006,0.049,0.006,0.049,0.009,0.020,0.005,0.050,0.006,0.051
,,745,N/A,N/A,N/A,0.005,0.034,0.006,0.042,0.005,0.046,0.006,0.053,0.006,0.048,0.006,0.033,0.005,0.035,0.006,0.053,0.006,0.043,0.006,0.058,0.007,0.048,0.006,0.050,0.005,0.034,0.006,0.048,0.006,0.050,0.009,0.020,0.005,0.048,0.006,0.050
,,746,N/A,N/A,N/A,0.005,0.034,0.006,0.042,0.005,0.045,0.006,0.052,0.005,0.047,0.005,0.032,0.005,0.035,0.005,0.051,0.006,0.042,0.006,0.057,0.006,0.047,0.006,0.049,0.005,0.033,0.006,0.047,0.006,0.050,0.009,0.020,0.005,0.046,0.006,0.049
,,747,N/A,N/A,N/A,0.005,0.033,0.005,0.041,0.005,0.045,0.006,0.052,0.005,0.046,0.005,0.031,0.005,0.035,0.005,0.049,0.006,0.041,0.005,0.055,0.006,0.046,0.006,0.048,0.005,0.033,0.006,0.045,0.006,0.050,0.009,0.019,0.005,0.045,0.006,0.049
,,748,N/A,N/A,N/A,0.005,0.033,0.005,0.040,0.005,0.045,0.006,0.052,0.005,0.045,0.005,0.031,0.005,0.035,0.005,0.047,0.006,0.040,0.005,0.055,0.006,0.045,0.006,0.047,0.005,0.033,0.006,0.044,0.006,0.050,0.008,0.019,0.005,0.044,0.006,0.048
,,749,N/A,N/A,N/A,0.005,0.033,0.005,0.039,0.005,0.044,0.006,0.052,0.005,0.044,0.005,0.031,0.005,0.035,0.005,0.045,0.006,0.040,0.005,0.054,0.006,0.044,0.006,0.045,0.005,0.033,0.006,0.043,0.006,0.049,0.008,0.019,0.005,0.043,0.006,0.049
,,750,N/A,N/A,N/A,0.005,0.033,0.005,0.038,0.005,0.043,0.006,0.052,0.005,0.043,0.005,0.031,0.005,0.034,0.005,0.044,0.006,0.039,0.005,0.053,0.006,0.044,0.005,0.043,0.005,0.033,0.005,0.042,0.006,0.047,0.008,0.018,0.005,0.043,0.006,0.050
,,751,N/A,N/A,N/A,0.005,0.033,0.005,0.037,0.004,0.041,0.006,0.051,0.005,0.044,0.005,0.030,0.005,0.034,0.005,0.043,0.006,0.039,0.005,0.052,0.006,0.043,0.005,0.042,0.005,0.033,0.005,0.041,0.006,0.047,0.008,0.018,0.005,0.043,0.006,0.050
,,752,N/A,N/A,N/A,0.005,0.032,0.005,0.036,0.004,0.040,0.006,0.049,0.005,0.044,0.005,0.029,0.005,0.033,0.004,0.042,0.006,0.040,0.005,0.052,0.006,0.041,0.005,0.041,0.005,0.032,0.005,0.041,0.005,0.046,0.008,0.017,0.004,0.043,0.006,0.050
,,753,N/A,N/A,N/A,0.005,0.032,0.005,0.036,0.004,0.039,0.006,0.048,0.005,0.043,0.005,0.029,0.005,0.032,0.004,0.041,0.006,0.040,0.005,0.051,0.005,0.040,0.005,0.041,0.005,0.031,0.005,0.042,0.005,0.046,0.007,0.017,0.004,0.042,0.006,0.049
,,754,N/A,N/A,N/A,0.005,0.031,0.005,0.035,0.004,0.038,0.006,0.047,0.005,0.042,0.005,0.028,0.005,0.032,0.004,0.040,0.006,0.040,0.005,0.051,0.005,0.039,0.005,0.042,0.005,0.031,0.005,0.043,0.005,0.046,0.007,0.017,0.004,0.042,0.006,0.048
,,755,N/A,N/A,N/A,0.005,0.031,0.004,0.034,0.004,0.037,0.006,0.046,0.005,0.040,0.005,0.028,0.005,0.031,0.004,0.039,0.006,0.039,0.005,0.051,0.005,0.038,0.005,0.044,0.004,0.030,0.005,0.043,0.005,0.045,0.007,0.017,0.004,0.042,0.005,0.048
,,756,N/A,N/A,N/A,0.005,0.030,0.004,0.033,0.004,0.037,0.005,0.046,0.004,0.039,0.005,0.028,0.005,0.030,0.004,0.039,0.005,0.038,0.005,0.051,0.005,0.038,0.005,0.044,0.004,0.030,0.005,0.042,0.005,0.045,0.007,0.016,0.004,0.042,0.005,0.048
,,757,N/A,N/A,N/A,0.005,0.029,0.004,0.033,0.004,0.036,0.005,0.046,0.004,0.039,0.004,0.027,0.004,0.029,0.004,0.039,0.005,0.038,0.005,0.051,0.005,0.037,0.005,0.044,0.004,0.030,0.005,0.041,0.005,0.044,0.007,0.016,0.004,0.041,0.005,0.047
,,758,N/A,N/A,N/A,0.004,0.028,0.004,0.033,0.004,0.035,0.005,0.046,0.004,0.038,0.004,0.026,0.004,0.029,0.004,0.038,0.005,0.038,0.005,0.051,0.005,0.037,0.005,0.045,0.004,0.030,0.005,0.041,0.005,0.042,0.007,0.016,0.004,0.040,0.005,0.047
,,759,N/A,N/A,N/A,0.004,0.028,0.004,0.034,0.004,0.034,0.005,0.045,0.004,0.039,0.004,0.026,0.004,0.029,0.004,0.038,0.005,0.037,0.005,0.051,0.005,0.036,0.005,0.045,0.004,0.030,0.005,0.042,0.005,0.041,0.007,0.015,0.004,0.039,0.005,0.047
,,760,N/A,N/A,N/A,0.004,0.027,0.005,0.035,0.004,0.035,0.005,0.045,0.005,0.039,0.004,0.025,0.004,0.029,0.004,0.038,0.005,0.037,0.005,0.051,0.005,0.036,0.006,0.046,0.004,0.029,0.005,0.043,0.005,0.041,0.007,0.015,0.004,0.039,0.005,0.046
,,761,N/A,N/A,N/A,0.004,0.027,0.005,0.036,0.004,0.036,0.005,0.044,0.004,0.039,0.004,0.025,0.004,0.029,0.004,0.037,0.005,0.037,0.005,0.051,0.005,0.036,0.006,0.047,0.004,0.029,0.006,0.044,0.005,0.041,0.007,0.015,0.004,0.039,0.005,0.044
,,762,N/A,N/A,N/A,0.004,0.028,0.005,0.036,0.004,0.037,0.005,0.044,0.004,0.038,0.004,0.024,0.004,0.029,0.004,0.036,0.005,0.037,0.005,0.050,0.005,0.035,0.006,0.047,0.004,0.029,0.006,0.044,0.005,0.040,0.006,0.015,0.004,0.038,0.005,0.042
,,763,N/A,N/A,N/A,0.004,0.028,0.005,0.036,0.004,0.038,0.005,0.045,0.004,0.037,0.004,0.024,0.004,0.029,0.004,0.035,0.005,0.037,0.005,0.049,0.005,0.036,0.006,0.047,0.004,0.028,0.006,0.044,0.005,0.040,0.006,0.015,0.004,0.038,0.004,0.040
,,764,N/A,N/A,N/A,0.004,0.029,0.005,0.036,0.004,0.039,0.005,0.045,0.004,0.036,0.004,0.025,0.004,0.029,0.004,0.034,0.005,0.037,0.005,0.048,0.005,0.037,0.006,0.047,0.004,0.028,0.006,0.044,0.005,0.040,0.006,0.015,0.004,0.038,0.004,0.038
,,765,N/A,N/A,N/A,0.004,0.029,0.005,0.036,0.004,0.039,0.005,0.045,0.004,0.036,0.004,0.025,0.004,0.028,0.003,0.033,0.005,0.038,0.005,0.047,0.005,0.037,0.005,0.045,0.004,0.027,0.005,0.042,0.005,0.040,0.006,0.015,0.004,0.038,0.004,0.037
,,766,N/A,N/A,N/A,0.005,0.030,0.005,0.036,0.004,0.039,0.005,0.045,0.004,0.036,0.004,0.026,0.004,0.028,0.003,0.032,0.005,0.038,0.004,0.047,0.005,0.036,0.005,0.043,0.004,0.027,0.005,0.041,0.005,0.040,0.006,0.015,0.004,0.038,0.004,0.036
,,767,N/A,N/A,N/A,0.005,0.030,0.005,0.037,0.004,0.038,0.005,0.044,0.004,0.035,0.004,0.026,0.004,0.028,0.003,0.031,0.005,0.039,0.004,0.047,0.005,0.036,0.005,0.042,0.004,0.027,0.005,0.041,0.005,0.039,0.006,0.014,0.004,0.038,0.004,0.034
,,768,N/A,N/A,N/A,0.004,0.029,0.005,0.037,0.004,0.038,0.005,0.043,0.004,0.033,0.004,0.026,0.004,0.027,0.003,0.030,0.005,0.039,0.004,0.047,0.005,0.035,0.005,0.042,0.004,0.026,0.005,0.040,0.004,0.038,0.006,0.014,0.004,0.038,0.004,0.032
,,769,N/A,N/A,N/A,0.004,0.028,0.005,0.037,0.004,0.037,0.005,0.042,0.004,0.032,0.004,0.026,0.004,0.026,0.003,0.030,0.005,0.039,0.004,0.046,0.005,0.035,0.005,0.041,0.004,0.025,0.005,0.038,0.004,0.037,0.006,0.014,0.004,0.038,0.003,0.031
,,770,N/A,N/A,N/A,0.004,0.026,0.005,0.036,0.004,0.036,0.005,0.041,0.003,0.031,0.004,0.026,0.004,0.025,0.003,0.031,0.005,0.039,0.004,0.046,0.005,0.036,0.005,0.041,0.003,0.024,0.005,0.037,0.004,0.036,0.006,0.014,0.004,0.039,0.003,0.030
,,771,N/A,N/A,N/A,0.004,0.026,0.005,0.035,0.004,0.035,0.005,0.040,0.003,0.029,0.004,0.027,0.004,0.024,0.003,0.032,0.006,0.040,0.004,0.047,0.005,0.036,0.005,0.041,0.003,0.023,0.005,0.036,0.004,0.037,0.006,0.014,0.004,0.038,0.003,0.029
,,772,N/A,N/A,N/A,0.004,0.024,0.005,0.035,0.004,0.034,0.005,0.040,0.003,0.029,0.005,0.028,0.004,0.024,0.003,0.033,0.006,0.040,0.004,0.047,0.005,0.037,0.005,0.041,0.003,0.021,0.005,0.036,0.004,0.038,0.006,0.014,0.004,0.038,0.003,0.029
,,773,N/A,N/A,N/A,0.003,0.023,0.004,0.035,0.004,0.034,0.005,0.040,0.003,0.029,0.005,0.029,0.003,0.023,0.004,0.034,0.006,0.040,0.005,0.048,0.005,0.039,0.005,0.041,0.003,0.020,0.005,0.037,0.005,0.039,0.006,0.014,0.004,0.037,0.003,0.029
,,774,N/A,N/A,N/A,0.003,0.022,0.004,0.035,0.003,0.034,0.004,0.038,0.003,0.029,0.005,0.029,0.003,0.022,0.004,0.034,0.006,0.040,0.005,0.049,0.005,0.040,0.005,0.040,0.003,0.019,0.005,0.037,0.005,0.040,0.006,0.014,0.004,0.035,0.003,0.029
,,775,N/A,N/A,N/A,0.003,0.020,0.004,0.034,0.003,0.033,0.004,0.037,0.003,0.030,0.005,0.029,0.003,0.020,0.003,0.033,0.006,0.040,0.005,0.050,0.005,0.039,0.005,0.039,0.003,0.018,0.005,0.037,0.005,0.039,0.006,0.014,0.003,0.034,0.003,0.029
,,776,N/A,N/A,N/A,0.003,0.018,0.004,0.031,0.004,0.035,0.004,0.032,0.004,0.035,0.005,0.031,0.003,0.019,0.004,0.035,0.006,0.041,0.005,0.052,0.006,0.042,0.005,0.039,0.002,0.013,0.006,0.046,0.005,0.047,0.006,0.014,0.003,0.029,0.003,0.030
,,777,N/A,N/A,N/A,0.003,0.017,0.004,0.029,0.004,0.037,0.003,0.030,0.004,0.036,0.005,0.030,0.003,0.018,0.003,0.030,0.006,0.041,0.005,0.052,0.006,0.042,0.005,0.038,0.002,0.014,0.006,0.049,0.005,0.047,0.006,0.014,0.003,0.027,0.003,0.029
,,778,N/A,N/A,N/A,0.002,0.016,0.003,0.027,0.004,0.038,0.003,0.027,0.004,0.037,0.005,0.028,0.002,0.016,0.003,0.026,0.006,0.042,0.005,0.052,0.005,0.039,0.004,0.037,0.002,0.013,0.006,0.050,0.005,0.046,0.006,0.014,0.003,0.025,0.003,0.027
,,779,N/A,N/A,N/A,0.002,0.014,0.003,0.023,0.004,0.037,0.003,0.023,0.004,0.039,0.004,0.026,0.002,0.014,0.002,0.022,0.006,0.043,0.005,0.052,0.004,0.034,0.004,0.034,0.002,0.013,0.006,0.047,0.005,0.043,0.006,0.014,0.002,0.023,0.003,0.026
,,780,N/A,N/A,N/A,0.002,0.014,0.003,0.021,0.004,0.037,0.002,0.021,0.005,0.041,0.004,0.026,0.002,0.014,0.002,0.020,0.006,0.044,0.005,0.053,0.004,0.030,0.004,0.033,0.002,0.012,0.006,0.046,0.005,0.041,0.006,0.014,0.002,0.023,0.003,0.025
,,PPFD (400 - 700 nm),391.75,290.80,84.102,N/A,237.19,N/A,284.59,N/A,354.30,N/A,315.80,N/A,326.07,N/A,222.82,N/A,244.25,N/A,354.77,N/A,267.33,N/A,391.75,N/A,284.08,N/A,312.86,N/A,250.27,N/A,292.23,N/A,321.77,N/A,84.102,N/A,358.18,N/A,332.10
,,PPFD FR (701 - 780 nm),7.3093,5.2853,1.9252,N/A,4.1353,N/A,5.1020,N/A,5.8559,N/A,6.0050,N/A,5.7282,N/A,4.1206,N/A,4.2359,N/A,6.0247,N/A,5.2796,N/A,7.3093,N/A,5.5168,N/A,5.9966,N/A,4.2793,N/A,5.5583,N/A,5.9899,N/A,1.9252,N/A,6.2085,N/A,5.8642
,,PPFD R (600 - 700 nm),257.60,194.11,57.626,N/A,161.42,N/A,189.92,N/A,236.00,N/A,209.80,N/A,217.25,N/A,151.43,N/A,162.82,N/A,237.47,N/A,177.07,N/A,257.60,N/A,187.96,N/A,207.25,N/A,170.67,N/A,195.73,N/A,213.51,N/A,57.626,N/A,239.11,N/A,221.32
,,PPFD G (500 - 599 nm),22.518,16.331,5.2800,N/A,12.267,N/A,15.607,N/A,18.670,N/A,17.520,N/A,17.868,N/A,11.667,N/A,14.093,N/A,20.466,N/A,16.353,N/A,22.518,N/A,17.880,N/A,18.061,N/A,12.731,N/A,16.449,N/A,18.149,N/A,5.2800,N/A,19.444,N/A,18.937
,,PPFD B (400 - 499 nm),111.66,80.380,21.201,N/A,63.514,N/A,79.078,N/A,99.651,N/A,88.498,N/A,90.971,N/A,59.734,N/A,67.346,N/A,96.857,N/A,73.917,N/A,111.66,N/A,78.259,N/A,87.561,N/A,66.881,N/A,80.071,N/A,90.120,N/A,21.201,N/A,99.652,N/A,91.866
,,PPFD UV (380 - 399 nm),0.2871,0.1955,0.0553,N/A,0.1520,N/A,0.1908,N/A,0.1950,N/A,0.2130,N/A,0.2162,N/A,0.1619,N/A,0.1238,N/A,0.1619,N/A,0.1550,N/A,0.2871,N/A,0.2316,N/A,0.2489,N/A,0.1826,N/A,0.2106,N/A,0.2447,N/A,0.0553,N/A,0.2764,N/A,0.2117
,,YPFD (400 - 700 nm),339.07,252.20,73.317,N/A,206.10,N/A,246.78,N/A,307.03,N/A,273.63,N/A,282.59,N/A,193.46,N/A,211.88,N/A,308.01,N/A,231.86,N/A,339.07,N/A,246.32,N/A,270.95,N/A,217.55,N/A,253.63,N/A,278.89,N/A,73.317,N/A,310.53,N/A,287.93
,,YPFD (380 - 780 nm),340.81,253.46,73.733,N/A,207.12,N/A,248.01,N/A,308.46,N/A,275.04,N/A,283.99,N/A,194.46,N/A,212.89,N/A,309.48,N/A,233.06,N/A,340.81,N/A,247.64,N/A,272.38,N/A,218.63,N/A,254.91,N/A,280.33,N/A,73.733,N/A,312.09,N/A,289.35
,,YPFD FR (701 - 780 nm),1.5788,1.1523,0.3824,N/A,0.9234,N/A,1.1179,N/A,1.3111,N/A,1.2792,N/A,1.2753,N/A,0.9039,N/A,0.9379,N/A,1.3643,N/A,1.1029,N/A,1.5788,N/A,1.1796,N/A,1.2811,N/A,0.9716,N/A,1.1632,N/A,1.2867,N/A,0.3824,N/A,1.3925,N/A,1.2901
,,YPFD R (600 - 700 nm),237.61,179.05,53.159,N/A,148.86,N/A,175.22,N/A,217.74,N/A,193.50,N/A,200.35,N/A,139.51,N/A,150.22,N/A,219.17,N/A,163.41,N/A,237.61,N/A,173.35,N/A,191.04,N/A,157.44,N/A,180.60,N/A,197.01,N/A,53.159,N/A,220.56,N/A,204.09
,,YPFD G (500 - 599 nm),19.894,14.430,4.6728,N/A,10.837,N/A,13.783,N/A,16.487,N/A,15.481,N/A,15.787,N/A,10.308,N/A,12.447,N/A,18.089,N/A,14.455,N/A,19.894,N/A,15.813,N/A,15.958,N/A,11.241,N/A,14.529,N/A,16.042,N/A,4.6728,N/A,17.169,N/A,16.739
,,YPFD B (400 - 499 nm),81.605,58.745,15.492,N/A,46.428,N/A,57.801,N/A,72.835,N/A,64.678,N/A,66.478,N/A,43.657,N/A,49.226,N/A,70.788,N/A,54.018,N/A,81.605,N/A,57.184,N/A,63.982,N/A,48.889,N/A,58.521,N/A,65.863,N/A,15.492,N/A,72.830,N/A,67.128
,,YPFD UV (380 - 399 nm),0.1691,0.1157,0.0326,N/A,0.0893,N/A,0.1136,N/A,0.1150,N/A,0.1254,N/A,0.1271,N/A,0.0953,N/A,0.0742,N/A,0.0970,N/A,0.0931,N/A,0.1691,N/A,0.1363,N/A,0.1469,N/A,0.1081,N/A,0.1250,N/A,0.1465,N/A,0.0326,N/A,0.1627,N/A,0.1253
,,R/B,2.72,2.44,2.31,N/A,2.54,N/A,2.40,N/A,2.37,N/A,2.37,N/A,2.39,N/A,2.54,N/A,2.42,N/A,2.45,N/A,2.40,N/A,2.31,N/A,2.40,N/A,2.37,N/A,2.55,N/A,2.44,N/A,2.37,N/A,2.72,N/A,2.40,N/A,2.41
,,R/FR,40.30,36.58,29.93,N/A,39.03,N/A,37.22,N/A,40.30,N/A,34.94,N/A,37.92,N/A,36.75,N/A,38.44,N/A,39.42,N/A,33.54,N/A,35.24,N/A,34.07,N/A,34.56,N/A,39.88,N/A,35.21,N/A,35.65,N/A,29.93,N/A,38.51,N/A,37.74
,,DLI,33.847,25.125,7.2664,N/A,20.493,N/A,24.589,N/A,30.611,N/A,27.285,N/A,28.172,N/A,19.251,N/A,21.103,N/A,30.652,N/A,23.097,N/A,33.847,N/A,24.544,N/A,27.031,N/A,21.623,N/A,25.249,N/A,27.801,N/A,7.2664,N/A,30.947,N/A,28.694
,,Illuminance,6846,5033,1534,N/A,3948,N/A,4873,N/A,5978,N/A,5438,N/A,5581,N/A,3713,N/A,4276,N/A,6238,N/A,4822,N/A,6846,N/A,5178,N/A,5462,N/A,4148,N/A,5071,N/A,5593,N/A,1534,N/A,6114,N/A,5789
,,Î»p (380~780 nm),663,663,663,N/A,663,N/A,663,N/A,663,N/A,663,N/A,663,N/A,663,N/A,663,N/A,663,N/A,663,N/A,663,N/A,663,N/A,663,N/A,663,N/A,663,N/A,663,N/A,663,N/A,663,N/A,663
,,Î»D (380~780 nm),0,0,0,N/A,0,N/A,0,N/A,0,N/A,0,N/A,0,N/A,0,N/A,0,N/A,0,N/A,0,N/A,0,N/A,0,N/A,0,N/A,0,N/A,0,N/A,0,N/A,0,N/A,0,N/A,0
,,CCT,0,0,0,N/A,0,N/A,0,N/A,0,N/A,0,N/A,0,N/A,0,N/A,0,N/A,0,N/A,0,N/A,0,N/A,0,N/A,0,N/A,0,N/A,0,N/A,0,N/A,0,N/A,0,N/A,0
,,CRI (Ra),0,0,0,N/A,0,N/A,0,N/A,0,N/A,0,N/A,0,N/A,0,N/A,0,N/A,0,N/A,0,N/A,0,N/A,0,N/A,0,N/A,0,N/A,0,N/A,0,N/A,0,N/A,0,N/A,0
,,Ref.,N/A,N/A,N/A,N/A,McCREEs ACTION SPECTRUM,N/A,McCREEs ACTION SPECTRUM,N/A,McCREEs ACTION SPECTRUM,N/A,McCREEs ACTION SPECTRUM,N/A,McCREEs ACTION SPECTRUM,N/A,McCREEs ACTION SPECTRUM,N/A,McCREEs ACTION SPECTRUM,N/A,McCREEs ACTION SPECTRUM,N/A,McCREEs ACTION SPECTRUM,N/A,McCREEs ACTION SPECTRUM,N/A,McCREEs ACTION SPECTRUM,N/A,McCREEs ACTION SPECTRUM,N/A,McCREEs ACTION SPECTRUM,N/A,McCREEs ACTION SPECTRUM,N/A,McCREEs ACTION SPECTRUM,N/A,McCREEs ACTION SPECTRUM,N/A,McCREEs ACTION SPECTRUM,N/A,McCREEs ACTION SPECTRUM
